Income,Recency,NumWebVisitsMonth,Complain,Age,Total_spend,Total_purchase,Total_children,accepted_camp,Total_adults,Family_size,Customer_Since_Years,Education_encode
0,58138.0,58,7,0,66,1617,25,0,1,1,1,11,2
1,46344.0,38,5,0,69,27,6,2,0,1,3,9,2
2,71613.0,26,4,0,58,776,21,0,0,2,2,10,2
3,26646.0,26,6,0,39,53,8,1,0,2,3,9,2
4,58293.0,94,5,0,42,422,19,1,0,2,3,9,4
5,62513.0,16,6,0,56,716,22,1,0,2,3,10,3
6,55635.0,34,6,0,52,590,21,1,0,1,2,11,2
7,33454.0,32,8,0,38,169,10,1,0,2,3,10,4
8,30351.0,19,9,0,49,46,6,1,1,2,3,10,4
9,5648.0,68,20,0,73,49,2,2,1,2,4,9,4
11,7500.0,59,8,0,47,61,6,0,0,2,2,11,1
12,63033.0,82,2,0,64,1102,16,0,0,1,1,10,2
13,59354.0,53,6,0,71,310,15,2,0,1,3,10,3
14,17323.0,38,8,0,36,46,5,0,0,2,2,11,2
15,82800.0,23,3,0,77,1315,26,0,3,1,1,11,4
16,41850.0,51,8,0,43,96,9,2,0,2,4,11,2
17,37760.0,20,7,0,77,317,13,0,0,2,2,11,2
18,76995.0,91,5,0,74,1782,26,1,1,2,3,10,3
19,33812.0,86,6,0,38,133,8,1,0,1,2,11,3
20,37040.0,41,8,0,41,316,12,0,0,2,2,11,2
21,2447.0,42,1,0,44,1730,43,1,0,2,3,10,2
22,58607.0,63,8,0,74,972,17,1,1,2,3,11,4
23,65324.0,0,4,0,69,544,20,1,0,2,3,9,4
24,40689.0,69,8,0,72,444,20,1,0,2,3,10,2
25,18589.0,89,7,0,54,75,8,0,0,1,1,10,2
26,53359.0,4,7,0,47,257,14,2,0,2,4,10,2
28,38360.0,26,3,0,34,131,9,1,0,2,3,10,2
29,84618.0,96,2,0,58,1672,26,0,1,2,2,10,4
30,10979.0,34,5,0,34,30,8,0,0,1,1,9,3
31,38620.0,56,3,0,60,318,11,0,0,2,2,10,3
32,40548.0,31,5,0,53,120,9,1,1,2,3,11,2
33,46610.0,8,6,0,71,302,17,2,1,1,3,11,4
34,68657.0,4,7,0,77,1196,18,0,0,2,2,10,3
35,49389.0,55,7,0,72,65,6,2,0,1,3,10,3
36,67353.0,37,2,0,53,913,28,1,0,2,3,10,4
37,23718.0,76,7,0,47,81,9,1,0,2,3,10,3
38,42429.0,99,5,0,50,67,7,1,0,1,2,9,2
39,48948.0,53,6,0,80,902,24,0,2,1,1,10,4
40,80011.0,3,4,0,43,1395,21,1,0,2,3,10,2
41,20559.0,88,8,0,38,53,7,1,0,2,3,10,3
42,21994.0,4,5,0,66,22,4,1,0,2,3,11,2
44,7500.0,19,5,0,48,31,8,1,0,2,3,10,3
45,79941.0,72,1,0,47,984,16,0,0,1,1,9,2
46,7500.0,24,9,0,27,122,10,0,1,2,2,11,3
47,41728.0,92,10,0,55,55,5,1,0,2,3,10,2
49,72550.0,39,8,0,69,1319,28,2,0,2,4,11,4
50,65486.0,29,2,0,66,507,17,1,0,1,2,9,2
51,79143.0,2,3,0,59,1693,29,0,0,2,2,11,3
52,35790.0,54,7,0,46,72,7,1,0,1,2,10,2
53,82582.0,54,1,0,46,1617,21,0,3,1,1,9,2
54,66373.0,57,3,0,45,606,23,2,0,2,4,10,2
55,82384.0,55,1,0,68,1957,27,0,2,2,2,11,3
56,70287.0,30,3,0,57,1093,21,0,1,1,1,10,2
57,27938.0,31,3,0,35,29,6,1,0,1,2,9,2
59,55954.0,63,7,0,55,518,19,1,0,2,3,9,4
60,75777.0,12,1,0,41,1438,21,0,3,1,1,10,3
61,66653.0,18,3,0,48,612,22,2,0,2,4,11,2
62,61823.0,26,7,0,71,884,24,1,0,1,2,10,2
63,67680.0,8,5,0,72,606,19,1,0,1,2,10,4
64,70666.0,29,4,0,75,1076,16,0,0,2,2,10,2
65,25721.0,75,7,0,52,34,5,1,1,2,3,10,2
66,32474.0,0,7,0,56,11,4,2,0,2,4,9,2
67,88194.0,19,5,0,44,1274,32,1,3,1,2,9,3
68,69096.0,4,4,0,65,653,18,1,0,2,3,10,2
69,74854.0,90,5,0,53,1562,19,3,0,2,5,10,2
70,66991.0,1,3,0,69,1253,21,0,0,2,2,11,3
72,65031.0,29,7,0,64,863,30,1,0,2,3,10,2
73,60631.0,88,7,0,48,661,24,2,1,2,4,10,4
74,28332.0,58,2,0,71,65,8,0,0,2,2,9,2
75,40246.0,68,6,0,46,13,4,1,0,1,2,11,2
76,75251.0,34,5,0,51,1890,19,0,1,2,2,11,3
77,75825.0,40,4,0,47,2209,22,0,2,1,1,11,2
78,26326.0,12,3,1,47,18,4,0,0,2,2,10,3
79,56046.0,9,8,0,58,692,21,0,2,2,2,10,2
80,29760.0,87,8,0,38,165,12,1,0,1,2,11,2
81,26304.0,5,7,0,54,16,4,1,0,2,3,10,2
82,23559.0,87,7,0,50,79,9,1,0,2,3,10,3
83,38620.0,56,3,0,60,318,11,0,0,2,2,10,3
84,81361.0,18,1,0,36,778,27,0,0,1,1,9,2
85,29440.0,95,7,0,63,56,7,2,0,2,4,10,2
86,36138.0,48,7,0,53,151,13,2,1,2,4,10,3
87,50388.0,3,7,0,66,372,17,1,3,1,2,9,2
88,79593.0,70,2,0,50,1366,19,0,1,2,2,9,2
89,54178.0,79,2,0,56,194,10,1,0,2,3,9,2
93,42394.0,69,7,0,51,32,5,1,0,1,2,9,3
94,23626.0,84,5,0,53,43,10,1,0,2,3,9,4
95,30096.0,30,6,0,40,45,6,1,0,2,3,9,2
96,47916.0,72,6,0,63,606,22,1,1,1,2,11,2
97,51813.0,37,7,0,51,63,7,2,0,1,3,10,2
98,78497.0,44,2,0,72,978,25,0,1,2,2,10,3
99,50150.0,32,5,0,40,410,16,0,0,2,2,10,4
100,47823.0,0,8,0,63,72,7,1,0,1,2,10,3
101,34554.0,43,6,0,64,55,7,1,0,1,2,9,4
102,85693.0,59,5,0,44,1169,27,1,0,2,3,10,2
103,65846.0,68,4,0,78,1120,16,0,0,2,2,10,4
104,87195.0,35,1,0,64,1097,20,0,1,2,2,9,2
105,24594.0,94,5,0,44,29,5,1,0,2,3,10,1
106,49096.0,15,7,0,59,187,13,2,0,2,4,10,2
107,52413.0,56,6,0,54,910,26,2,0,2,4,10,2
108,38557.0,17,7,0,45,145,9,1,0,1,2,11,2
109,89058.0,18,2,0,63,850,14,0,0,2,2,11,3
110,77298.0,46,3,0,44,969,24,1,0,2,3,10,2
111,68126.0,40,9,0,32,1820,17,0,2,1,1,11,4
112,57288.0,27,6,0,60,608,20,1,1,2,3,9,3
113,86037.0,95,3,0,32,730,25,0,3,1,1,10,2
114,43974.0,19,7,0,43,551,21,1,0,2,3,11,4
115,50785.0,27,6,0,61,114,8,2,0,1,3,10,2
116,90765.0,25,1,0,53,1724,15,0,2,2,2,9,2
117,36550.0,74,9,0,45,577,20,1,0,2,3,10,3
118,30753.0,85,5,0,56,81,7,2,0,2,4,10,3
119,21918.0,37,6,0,54,33,7,1,0,2,3,10,2
120,56129.0,65,4,0,70,660,22,1,0,2,3,10,3
121,32557.0,13,5,0,56,80,9,1,1,1,2,9,3
122,19510.0,63,7,0,38,30,6,2,0,2,4,10,3
123,30992.0,83,7,0,47,43,5,1,0,1,2,10,2
124,101970.0,69,2,0,40,1135,27,0,4,1,1,10,2
125,71488.0,87,1,0,58,559,16,0,0,2,2,10,3
126,79607.0,37,1,0,39,1923,16,0,1,1,1,10,2
127,54348.0,51,6,0,70,90,8,2,0,2,4,9,3
129,77376.0,72,4,0,67,661,23,2,0,2,4,9,4
130,62998.0,10,5,0,71,463,19,1,0,2,3,10,2
131,61331.0,42,8,0,65,632,23,2,0,1,3,10,3
132,73448.0,10,4,0,54,725,19,0,0,2,2,9,2
134,41551.0,51,8,0,59,279,16,2,0,2,4,10,4
135,62981.0,21,3,0,56,1482,23,0,1,2,2,10,4
136,9548.0,31,8,0,47,29,6,1,0,1,2,11,1
137,33762.0,61,8,0,64,106,9,3,0,2,5,10,4
138,35860.0,37,5,0,50,49,6,2,2,1,3,9,4
139,36921.0,74,7,0,58,38,7,2,0,1,3,10,4
140,92859.0,46,2,0,31,2077,22,0,0,1,1,11,3
141,65104.0,4,7,0,47,1053,17,1,1,2,3,10,3
142,86111.0,73,2,0,61,1385,23,0,0,2,2,10,2
143,68352.0,47,6,0,49,871,25,1,0,1,2,10,4
144,41883.0,13,7,0,35,312,12,1,0,2,3,10,2
145,59809.0,36,8,0,47,877,15,2,0,2,4,11,2
146,23957.0,47,6,0,48,68,6,1,1,2,3,11,2
147,38547.0,49,8,1,42,22,4,1,0,2,3,10,2
148,35688.0,94,8,0,50,211,16,3,0,2,5,11,3
149,49605.0,65,3,0,57,127,8,0,0,2,2,9,3
150,59354.0,59,3,0,70,459,16,2,0,2,4,9,3
151,65747.0,96,6,0,54,460,19,1,1,2,3,9,2
152,46344.0,28,7,0,51,429,17,1,0,2,3,11,3
153,34176.0,12,6,0,35,89,11,1,0,1,2,9,2
154,61010.0,57,5,0,71,1021,26,1,0,2,3,11,4
155,69372.0,10,4,0,74,1381,21,0,3,2,2,10,2
156,49967.0,4,7,0,65,306,15,1,0,1,2,10,2
157,60199.0,49,4,0,45,18,4,3,0,1,4,10,2
158,55375.0,3,2,0,46,162,9,1,0,2,3,10,2
159,80317.0,64,1,0,68,1231,18,0,0,1,1,10,2
160,30523.0,0,7,0,65,13,4,3,0,1,4,10,3
161,70356.0,20,6,0,78,1706,27,0,0,2,2,11,4
162,23228.0,91,8,0,39,121,11,1,0,2,3,9,2
163,74165.0,9,2,0,48,1293,20,0,0,1,1,10,4
165,43482.0,83,6,0,57,88,9,3,0,2,5,10,2
166,62551.0,27,3,0,70,421,18,0,1,1,1,10,2
167,52332.0,63,4,0,64,259,12,0,1,1,1,10,2
168,66951.0,46,1,0,35,1117,15,0,0,1,1,10,2
169,26091.0,84,5,0,66,89,9,2,0,2,4,9,2
170,33456.0,58,7,0,58,36,6,2,0,2,4,9,2
171,28718.0,78,8,0,41,57,7,1,0,2,3,10,2
172,50447.0,4,6,0,53,148,8,2,0,2,4,9,2
173,53537.0,17,5,0,64,93,8,2,0,2,4,9,4
174,52074.0,77,4,0,56,119,7,1,1,1,2,9,2
175,80427.0,56,5,0,48,1835,28,1,0,2,3,11,4
176,83837.0,79,4,0,75,1318,25,0,3,2,2,11,4
177,38853.0,90,7,0,53,45,7,2,0,2,4,9,4
178,38285.0,96,2,0,64,10,4,3,0,2,5,9,2
179,78497.0,44,2,0,72,978,25,0,1,2,2,10,3
180,51650.0,81,5,0,47,191,10,1,0,2,3,9,4
181,16248.0,77,6,0,35,57,9,1,0,2,3,9,3
182,66835.0,21,2,0,77,1033,24,0,0,2,2,10,3
183,30477.0,16,6,0,39,66,6,1,0,2,3,9,3
184,28249.0,80,6,0,62,43,6,0,0,2,2,9,1
185,25271.0,45,9,0,40,50,5,1,0,2,3,11,2
186,32303.0,63,5,0,53,39,7,1,0,1,2,9,4
187,61286.0,34,5,0,57,608,18,1,0,2,3,10,2
188,74068.0,14,2,0,47,1581,24,0,0,2,2,10,2
189,45759.0,13,7,0,59,68,7,2,0,2,4,10,4
190,24882.0,52,6,0,45,80,5,1,1,2,3,11,1
191,66973.0,98,3,0,34,1282,28,0,0,2,2,10,4
193,38872.0,93,8,0,35,91,8,1,0,2,3,10,2
194,51148.0,38,6,0,50,315,16,2,0,2,4,10,2
195,31353.0,24,8,0,46,31,6,2,0,2,4,10,2
196,69661.0,80,3,0,43,834,23,0,0,2,2,9,3
197,80067.0,82,2,0,69,1600,17,0,1,2,2,10,2
198,86718.0,20,2,0,69,1270,17,0,0,2,2,10,2
199,46854.0,81,8,0,50,263,15,2,2,1,3,9,4
200,69142.0,50,5,0,71,535,19,1,1,1,2,9,2
201,75922.0,60,1,0,55,1295,18,0,0,1,1,10,2
202,63693.0,63,6,0,45,1150,29,1,0,1,2,10,2
203,102160.0,54,4,0,46,1240,26,0,4,2,2,11,4
204,40637.0,72,7,0,58,38,6,2,0,1,3,10,4
205,18890.0,5,6,0,39,35,4,0,2,1,1,11,3
206,29604.0,88,9,0,35,53,5,1,1,2,3,10,2
207,48721.0,50,6,0,60,293,17,2,0,1,3,10,3
208,44794.0,99,6,0,57,65,6,1,0,2,3,9,2
209,64497.0,17,8,0,69,1804,29,1,2,1,2,11,2
210,46097.0,11,4,0,67,241,15,1,0,2,3,10,2
211,77972.0,18,1,0,69,1101,20,0,0,2,2,9,2
212,44377.0,70,8,0,55,264,19,2,0,2,4,11,4
213,46014.0,21,7,0,49,541,26,2,0,2,4,10,3
214,70951.0,66,1,0,38,1198,17,0,0,2,2,10,2
215,41443.0,79,8,0,46,482,20,1,0,2,3,9,2
216,52195.0,2,8,0,45,17,4,3,0,1,4,9,3
217,83790.0,81,3,0,75,1615,25,0,2,2,2,10,3
218,44551.0,24,7,0,69,285,12,1,0,1,2,10,3
219,69508.0,48,6,0,43,1135,28,1,0,2,3,11,2
220,45204.0,93,3,0,35,114,7,1,0,2,3,9,3
221,72460.0,56,1,0,54,1047,16,0,0,2,2,10,2
222,77622.0,3,3,0,53,714,22,2,0,2,4,9,4
223,30732.0,44,8,0,43,185,13,1,0,2,3,10,4
224,63887.0,38,6,0,61,1245,32,1,0,1,2,11,2
225,42011.0,46,8,0,45,189,12,1,0,2,3,10,2
226,51369.0,84,8,0,47,576,16,1,0,2,3,11,2
227,51537.0,27,8,0,71,1103,18,1,0,1,2,11,2
228,79930.0,72,2,0,51,1753,17,0,0,2,2,11,4
229,34320.0,66,8,0,37,17,4,1,0,2,3,9,4
230,37070.0,30,7,0,57,433,23,2,1,1,3,10,2
231,81975.0,2,7,0,61,1588,14,1,1,1,2,10,3
232,38590.0,65,8,0,52,22,4,1,0,2,3,10,2
233,15033.0,37,3,0,72,19,5,0,0,1,1,9,2
234,62745.0,89,5,0,58,1117,29,1,0,2,3,10,4
235,22212.0,49,6,0,48,69,8,1,0,2,3,10,3
236,23661.0,46,7,0,41,23,5,1,0,2,3,10,3
237,79761.0,32,3,0,65,605,19,1,0,1,2,10,4
238,7500.0,54,7,0,50,57,11,1,0,1,2,10,2
240,73455.0,98,3,0,55,2088,22,0,1,1,1,10,2
241,64961.0,97,3,0,65,1009,16,1,0,2,3,11,2
242,22804.0,75,9,0,52,26,5,1,0,1,2,10,2
243,73687.0,8,2,0,33,1627,22,0,2,2,2,10,2
244,61074.0,37,7,0,65,1102,31,1,0,2,3,11,2
245,31686.0,31,6,0,59,17,6,2,0,2,4,9,4
246,80134.0,40,6,0,51,1690,16,1,4,2,3,10,2
247,75027.0,74,5,0,70,1390,21,1,0,2,3,10,2
248,67546.0,90,3,0,35,2126,20,0,0,2,2,11,4
249,65176.0,57,6,0,54,1531,25,1,0,2,3,11,3
250,31160.0,59,8,0,48,64,7,1,0,1,2,10,3
251,29938.0,52,6,0,38,26,6,1,0,1,2,10,2
252,102692.0,5,2,0,49,1112,29,0,5,1,1,10,2
253,26490.0,92,6,0,65,210,11,0,0,2,2,11,3
254,75702.0,77,8,0,56,1148,26,2,0,2,4,11,2
255,30899.0,35,6,0,49,33,6,1,0,1,2,11,4
256,63342.0,48,6,0,62,1101,19,1,1,2,3,11,4
257,45989.0,97,3,0,59,322,16,1,0,1,2,11,2
258,18701.0,95,5,0,59,44,10,2,0,1,3,10,2
259,40737.0,24,8,0,66,17,4,3,0,1,4,10,4
260,15287.0,60,7,0,44,31,6,1,2,1,2,11,2
261,69674.0,46,5,0,55,845,25,2,0,1,3,10,4
262,44159.0,85,5,0,53,275,15,1,0,2,3,9,3
263,37717.0,31,9,0,45,25,4,1,0,2,3,11,4
264,43776.0,9,8,0,71,275,17,2,1,2,4,10,3
265,38179.0,30,7,0,57,90,11,2,0,2,4,10,3
266,80124.0,47,1,0,60,1495,19,0,1,2,2,9,2
267,38097.0,70,7,0,53,184,11,2,2,2,4,11,4
268,72940.0,13,1,0,53,981,13,0,0,2,2,10,2
269,22070.0,11,6,0,53,67,8,1,0,2,3,10,2
270,69267.0,31,7,0,70,1635,14,0,1,1,1,11,2
271,31788.0,15,5,1,40,60,10,1,0,1,2,9,3
272,61905.0,2,5,0,48,231,12,1,0,2,3,9,4
273,29315.0,55,6,0,63,48,10,2,0,2,4,9,2
274,33378.0,38,7,0,60,99,9,2,0,1,3,10,2
275,66313.0,86,4,0,60,770,23,1,0,2,3,10,4
276,60714.0,56,5,0,67,957,23,0,1,1,1,10,2
277,77882.0,29,1,0,42,818,12,0,0,2,2,9,3
278,69867.0,30,1,0,37,925,17,0,2,1,1,10,4
279,63841.0,64,6,0,55,908,22,1,0,1,2,10,3
280,24480.0,46,7,0,42,102,10,1,0,2,3,10,1
281,51369.0,84,8,0,47,576,16,1,0,2,3,11,2
282,37760.0,20,7,0,77,317,13,0,0,2,2,11,2
283,65640.0,74,2,0,49,461,15,1,0,2,3,9,4
284,44319.0,18,5,0,48,37,7,2,0,2,4,9,3
285,30631.0,75,7,0,49,70,7,1,0,2,3,10,2
286,75278.0,17,3,0,71,930,23,0,0,2,2,10,2
287,50898.0,88,5,0,67,859,33,2,0,2,4,10,3
288,79946.0,19,3,0,57,1478,22,0,0,1,1,9,2
289,35416.0,62,8,0,74,390,16,0,0,1,1,10,3
290,32414.0,11,7,0,39,52,5,0,1,2,2,10,3
291,38361.0,74,7,0,54,137,10,1,0,2,3,10,2
292,82497.0,32,4,0,43,1919,19,0,1,2,2,11,2
293,16626.0,76,9,0,52,68,9,2,0,2,4,9,2
294,29672.0,6,6,0,58,25,4,2,0,2,4,10,2
295,55951.0,62,8,0,71,1374,23,1,2,2,3,11,3
296,35388.0,20,7,0,35,32,5,1,0,1,2,10,3
297,42386.0,43,8,0,37,100,7,1,0,2,3,10,3
298,68627.0,45,1,0,41,825,12,0,0,1,1,10,2
299,57912.0,34,5,0,58,916,28,1,1,1,2,9,4
300,35246.0,53,5,0,65,62,11,2,0,1,3,9,2
301,58821.0,44,6,0,67,728,21,1,0,2,3,10,3
302,46377.0,89,4,0,45,90,7,1,0,2,3,9,4
303,39747.0,43,8,0,35,273,13,1,0,1,2,9,2
304,23976.0,68,7,0,39,66,10,1,0,2,3,10,2
305,80950.0,44,2,0,62,1213,23,0,1,2,2,10,3
306,27038.0,64,9,0,57,107,7,0,1,1,1,11,2
307,77457.0,85,1,0,76,1157,18,0,1,1,1,9,2
308,64100.0,93,7,0,59,546,18,1,1,2,3,10,3
309,42670.0,12,4,0,31,241,11,0,0,2,2,10,3
310,12571.0,86,6,0,47,53,11,1,0,1,2,9,2
311,22574.0,28,7,0,56,37,7,3,0,2,5,10,2
313,70893.0,42,3,0,47,1508,23,0,0,1,1,10,3
314,54198.0,13,4,0,57,235,16,2,0,2,4,10,2
315,28839.0,86,5,0,67,32,7,2,0,2,4,9,3
316,40321.0,59,7,0,51,102,8,2,0,2,4,10,2
317,66503.0,30,3,0,38,401,15,1,0,1,2,11,2
318,30833.0,33,5,0,72,28,6,2,0,2,4,10,2
320,64795.0,23,2,0,52,680,21,1,0,2,3,10,2
321,34421.0,81,7,0,49,30,4,1,0,2,3,10,2
322,47025.0,6,7,0,58,20,4,2,0,1,3,9,4
323,64325.0,41,7,0,62,1307,23,1,0,1,2,10,4
324,40464.0,78,8,0,70,630,24,1,0,1,2,10,2
325,62187.0,49,3,0,66,1283,18,0,0,2,2,10,2
326,14849.0,39,8,0,47,65,9,1,0,1,2,10,4
327,27255.0,3,7,0,39,37,5,1,0,2,3,10,2
328,54432.0,37,4,0,73,38,5,3,0,2,5,10,4
329,29999.0,22,8,0,37,160,12,1,0,1,2,10,4
330,24072.0,79,8,0,40,23,4,1,0,1,2,10,2
331,33996.0,46,4,0,34,71,6,0,0,1,1,10,4
332,66334.0,82,5,0,67,1161,19,1,1,2,3,10,4
333,35178.0,10,7,0,52,59,5,1,2,2,3,10,3
334,22010.0,51,8,0,40,33,7,1,0,2,3,10,2
335,62204.0,38,3,0,63,946,22,2,0,1,3,11,2
336,75693.0,10,4,0,55,1442,22,0,4,1,1,11,2
337,30675.0,14,8,0,51,62,5,1,0,2,3,11,2
338,83003.0,18,3,0,58,1674,22,0,2,2,2,10,2
340,68655.0,95,3,0,35,1538,21,0,0,1,1,11,2
341,41411.0,11,6,0,37,139,8,0,0,1,1,10,2
342,55212.0,65,8,0,54,1182,20,1,2,2,3,11,4
343,59292.0,71,3,0,73,507,18,1,0,2,3,10,4
344,27190.0,13,8,0,50,18,4,1,2,2,3,10,1
345,82623.0,58,1,0,71,940,16,0,0,1,1,10,2
346,44300.0,65,6,0,58,42,6,2,0,2,4,10,2
347,84835.0,0,1,0,53,1190,15,0,1,1,1,9,2
348,30372.0,33,7,0,52,44,8,2,0,1,3,11,2
349,33181.0,90,6,0,47,16,4,1,1,2,3,9,3
350,71113.0,95,4,0,66,835,26,1,0,2,3,10,2
351,71952.0,93,4,0,37,1443,22,1,2,2,3,10,2
352,69759.0,38,3,0,57,1029,18,0,1,1,1,10,4
353,72099.0,18,1,0,49,1188,18,0,0,2,2,11,2
354,60000.0,57,6,0,47,1277,24,1,0,1,2,11,4
355,38643.0,45,7,1,45,49,7,2,0,1,3,10,2
356,50737.0,61,6,0,68,99,7,1,1,2,3,10,2
357,68462.0,6,1,0,54,1670,15,0,0,2,2,11,4
358,65073.0,65,2,1,80,900,14,0,0,2,2,10,3
359,46681.0,52,5,0,75,425,16,2,0,2,4,10,4
360,78618.0,87,2,0,66,2153,22,0,1,2,2,11,2
361,62187.0,38,4,0,54,636,21,1,0,1,2,9,4
362,28442.0,53,4,0,45,57,10,2,0,2,4,9,2
363,37717.0,31,9,0,45,25,4,1,0,2,3,11,4
364,51479.0,67,7,0,56,494,22,2,0,2,4,11,2
365,54803.0,65,4,0,54,693,19,1,0,1,2,11,2
366,79530.0,64,2,0,63,1348,26,0,0,2,2,10,2
367,31615.0,82,7,0,47,51,7,1,0,1,2,10,2
368,72025.0,27,3,0,61,1932,16,0,0,2,2,11,2
369,52614.0,63,8,0,48,990,16,1,0,1,2,11,4
370,35684.0,66,6,0,39,30,5,1,0,2,3,9,3
371,48178.0,69,8,0,48,254,16,2,0,2,4,11,2
372,29548.0,52,4,0,53,29,5,1,1,1,2,10,3
373,63810.0,45,8,0,57,1371,23,1,1,1,2,11,2
374,38578.0,2,8,0,51,73,9,2,1,1,3,10,4
375,46098.0,86,8,0,48,120,11,2,0,1,3,11,3
376,22585.0,23,9,0,53,81,5,0,2,1,1,10,2
377,30279.0,13,8,0,34,37,5,1,0,1,2,11,2
378,66426.0,14,6,0,62,1377,20,1,0,2,3,10,4
379,30822.0,92,7,0,54,51,5,1,0,1,2,10,2
380,33581.0,38,8,0,54,17,4,2,0,2,4,10,4
381,19986.0,74,7,0,38,22,4,1,0,2,3,10,2
382,27421.0,14,7,0,69,324,14,0,0,1,1,11,2
383,35688.0,94,8,0,50,211,16,3,0,2,5,11,3
384,36143.0,33,3,0,42,19,4,1,0,1,2,9,3
385,10245.0,32,5,0,52,41,8,1,0,1,2,10,2
386,43795.0,11,7,0,55,492,17,1,2,2,3,10,3
387,63381.0,78,2,0,63,1005,26,1,0,2,3,11,2
388,38823.0,56,6,0,74,114,7,1,0,2,3,11,2
389,83664.0,57,5,0,55,1173,19,2,0,1,3,10,4
390,90300.0,7,1,0,44,1738,19,0,1,2,2,9,2
391,62499.0,0,4,0,44,222,12,1,0,2,3,10,3
392,74293.0,66,2,0,30,1127,16,0,0,1,1,9,2
393,51012.0,86,6,0,77,209,10,0,0,2,2,10,4
394,70777.0,80,3,0,55,787,23,1,0,2,3,9,3
395,68682.0,56,2,0,32,1598,24,0,0,2,2,10,4
396,43824.0,18,8,0,52,186,12,2,0,2,4,11,2
397,15345.0,51,8,0,39,47,6,1,1,2,3,11,2
398,23442.0,71,7,0,36,27,5,1,0,1,2,11,2
399,14515.0,71,7,0,43,96,11,1,1,2,3,11,3
400,31395.0,80,6,0,67,64,10,2,0,1,3,10,3
401,75276.0,2,5,0,58,1040,23,0,0,2,2,11,2
402,42373.0,83,5,0,49,163,13,2,0,1,3,10,2
403,30507.0,29,7,0,63,343,11,0,0,2,2,10,2
404,55521.0,11,7,0,68,446,24,3,2,1,4,10,4
405,48006.0,55,6,0,58,41,5,2,0,2,4,9,2
406,27213.0,19,8,0,51,70,9,1,1,1,2,11,4
407,65808.0,1,6,0,52,272,14,2,0,1,3,9,4
408,30351.0,19,9,0,49,46,6,1,0,2,3,10,4
409,50437.0,28,7,0,60,490,19,2,0,2,4,11,2
410,23616.0,76,8,0,41,79,8,1,1,1,2,11,3
411,53858.0,50,4,0,47,915,17,1,0,2,3,11,2
412,66465.0,1,6,0,68,1485,35,1,1,2,3,10,4
413,46923.0,90,7,0,36,369,16,1,0,1,2,11,2
414,75072.0,83,3,0,61,1073,19,1,0,2,3,10,2
415,75865.0,73,1,0,80,1242,19,0,0,2,2,9,4
416,19789.0,24,5,0,48,78,9,1,1,2,3,10,3
417,80134.0,11,5,0,29,1378,21,0,4,2,2,9,2
418,91065.0,33,3,0,42,1474,26,0,3,1,1,10,2
419,49505.0,4,8,0,52,751,29,2,0,2,4,10,3
420,37401.0,14,7,0,50,48,7,1,0,2,3,9,4
421,30096.0,30,6,0,40,45,6,1,0,2,3,9,2
422,18492.0,75,8,0,41,10,4,1,0,2,3,9,3
423,82584.0,26,1,0,49,1435,16,0,3,2,2,10,3
424,93027.0,77,2,0,82,2119,22,0,1,2,2,10,4
425,48686.0,8,8,0,70,20,4,3,0,2,5,10,2
426,92910.0,42,1,0,37,1795,27,0,3,2,2,9,2
427,75433.0,28,6,0,34,1188,19,1,2,2,3,9,2
428,10404.0,52,5,0,34,43,7,1,0,2,3,9,3
429,61314.0,1,3,0,55,1008,24,1,0,2,3,10,2
430,84865.0,1,4,0,62,1688,16,0,5,1,1,10,4
431,42387.0,42,8,0,34,684,21,1,0,2,3,11,2
432,67309.0,76,7,0,56,1082,39,2,0,2,4,10,3
433,75236.0,27,4,0,59,1068,25,1,0,2,3,10,2
434,30015.0,28,5,0,53,57,7,1,0,1,2,9,2
435,50943.0,49,5,0,67,46,5,1,0,2,3,10,3
436,67272.0,12,5,0,57,733,23,1,0,1,2,10,2
437,51529.0,14,8,0,74,467,17,1,0,1,2,10,3
438,32011.0,89,7,0,52,122,10,1,0,2,3,10,4
439,7500.0,96,8,0,37,36,7,1,0,2,3,10,3
440,28691.0,56,8,0,34,34,5,1,0,2,3,10,2
441,56223.0,72,4,0,75,156,10,1,0,2,3,10,4
442,18100.0,14,5,0,77,14,4,0,0,2,2,10,2
443,30279.0,13,8,0,34,37,5,1,0,1,2,11,2
444,20130.0,99,8,0,49,34,5,0,0,2,2,9,3
445,23295.0,72,8,0,64,20,4,0,0,1,1,10,2
446,42618.0,92,8,0,51,192,11,1,0,1,2,10,3
447,81246.0,87,1,0,59,1379,17,0,2,1,1,10,2
448,24027.0,7,8,0,47,48,7,1,0,2,3,10,2
449,55707.0,91,3,0,70,428,16,1,0,2,3,10,4
450,57959.0,71,3,0,68,868,27,1,0,1,2,10,2
451,56796.0,24,7,0,54,1001,27,1,0,2,3,10,2
452,36230.0,17,5,0,52,59,7,1,0,1,2,10,3
453,70829.0,87,3,0,43,431,16,2,0,2,4,10,3
454,65991.0,21,7,0,47,971,27,1,0,2,3,11,2
455,38988.0,90,8,0,51,348,19,3,0,2,5,11,2
456,89572.0,44,4,0,57,2059,24,0,3,1,1,11,3
457,42207.0,71,6,0,39,265,14,1,2,2,3,10,3
458,50300.0,52,2,0,71,270,13,1,0,2,3,9,2
459,66664.0,78,3,0,41,1289,19,0,0,2,2,11,3
460,60597.0,2,7,0,59,893,16,1,2,2,3,9,2
461,70165.0,60,1,0,74,926,22,0,0,1,1,10,2
462,50520.0,25,6,0,65,135,9,1,0,1,2,9,4
463,80124.0,47,1,0,60,1495,19,0,1,2,2,9,2
464,33183.0,46,7,0,48,120,9,1,0,2,3,9,2
465,66582.0,83,1,0,54,1288,20,0,0,1,1,9,4
466,75261.0,17,2,0,68,1743,17,0,3,2,2,10,4
467,31880.0,13,8,0,53,15,4,1,0,1,2,11,2
468,53790.0,86,6,0,72,542,20,2,0,2,4,9,2
469,49269.0,92,7,0,52,890,25,1,0,2,3,11,4
470,61456.0,47,4,0,48,1388,33,1,0,2,3,10,2
471,37406.0,18,8,0,43,17,4,1,1,2,3,10,2
472,56937.0,81,6,0,42,906,30,1,2,2,3,11,4
473,38415.0,91,7,0,45,44,6,2,0,2,4,10,2
474,20518.0,58,5,0,35,25,5,1,0,1,2,9,2
475,62503.0,40,5,0,67,973,26,1,0,2,3,10,2
476,41644.0,67,3,0,51,31,6,2,0,1,3,9,4
477,55842.0,19,5,0,46,518,17,1,0,2,3,9,3
478,62010.0,93,5,0,51,530,19,1,0,2,3,11,4
479,41124.0,41,8,0,46,506,21,1,0,2,3,11,2
480,38961.0,60,7,0,50,70,6,1,0,2,3,10,3
481,37760.0,54,6,0,51,54,6,1,0,1,2,10,3
482,32233.0,26,9,0,49,296,12,1,2,1,2,11,2
483,43057.0,30,5,0,48,266,15,1,0,2,3,10,2
484,83151.0,93,3,0,63,747,19,0,0,2,2,11,3
485,78825.0,35,3,0,59,895,29,0,1,1,1,11,4
486,65104.0,4,7,0,47,1053,17,1,0,2,3,10,3
487,60093.0,92,6,0,49,735,21,1,0,2,3,10,2
488,14045.0,24,7,0,54,20,5,1,0,2,3,9,2
489,28457.0,96,8,0,71,205,10,0,0,1,1,11,3
490,78952.0,11,6,0,65,2092,21,1,0,2,3,11,4
491,46310.0,99,8,0,47,309,14,1,0,1,2,11,2
492,76005.0,72,6,0,68,1722,22,0,1,2,2,10,2
493,58308.0,77,8,0,59,900,15,1,0,1,2,10,3
494,55614.0,85,7,0,79,682,20,0,1,1,1,10,4
495,59432.0,88,5,0,61,663,22,1,0,1,2,10,3
496,55563.0,22,3,0,45,43,6,1,0,1,2,9,2
497,78642.0,83,6,0,52,1816,18,1,0,2,3,10,4
498,67911.0,63,3,0,74,976,27,1,0,2,3,9,4
499,65275.0,9,2,0,79,746,21,0,0,2,2,10,2
500,27203.0,92,8,0,73,64,6,2,0,2,4,11,2
501,48330.0,2,5,0,62,32,5,1,0,2,3,10,3
502,24279.0,6,8,0,33,263,9,0,0,2,2,11,1
503,64355.0,66,8,0,38,1445,21,1,0,2,3,11,4
504,50943.0,49,5,0,67,46,5,1,0,2,3,10,3
505,53653.0,29,6,0,70,1210,28,0,0,1,1,11,2
506,65665.0,77,3,0,47,945,24,1,0,2,3,10,2
507,81217.0,77,1,0,34,1157,22,0,0,1,1,10,2
508,34935.0,71,7,0,31,137,8,0,0,2,2,10,2
509,61250.0,49,5,0,64,730,25,1,0,1,2,11,2
510,39665.0,97,7,0,42,216,12,1,1,2,3,10,4
511,60152.0,6,3,0,44,943,23,1,0,1,2,10,2
512,48920.0,93,7,0,59,347,16,2,1,2,4,10,2
513,89120.0,78,1,0,64,1924,19,0,1,2,2,9,3
514,44124.0,62,8,0,77,397,17,1,0,2,3,10,4
515,81169.0,47,2,0,48,2089,22,0,0,1,1,10,3
516,36443.0,9,8,0,62,138,11,2,0,2,4,10,2
517,26095.0,77,7,0,33,42,5,1,0,1,2,10,2
518,71367.0,24,2,0,64,777,17,0,0,2,2,10,2
519,80184.0,19,3,0,79,1902,20,0,2,2,2,9,3
520,30630.0,67,7,0,58,52,7,2,0,1,3,9,2
521,73454.0,95,5,0,36,1651,13,0,1,1,1,9,3
522,42691.0,48,5,0,32,358,13,0,0,2,2,10,2
523,70503.0,73,6,0,70,1727,16,0,2,2,2,11,2
524,25545.0,35,6,0,36,210,10,1,1,2,3,11,2
525,32880.0,76,8,0,37,42,5,1,0,2,3,11,2
526,77863.0,20,2,0,65,1291,20,0,0,2,2,10,4
527,50353.0,72,3,0,46,442,15,0,0,2,2,9,3
528,61839.0,20,8,0,59,1895,17,0,0,1,1,11,2
529,49154.0,69,6,0,63,411,19,2,0,2,4,10,4
530,47682.0,80,5,0,48,521,19,1,0,1,2,10,3
531,72679.0,65,1,0,54,1168,17,1,0,1,2,10,2
532,57954.0,52,7,0,46,493,23,2,1,2,4,9,3
533,65316.0,65,4,0,61,260,12,2,0,2,4,10,2
534,28567.0,57,6,0,41,46,7,1,0,1,2,10,2
535,47352.0,70,7,0,72,319,16,1,0,2,3,10,3
536,44931.0,0,5,0,56,96,7,1,0,2,3,9,2
537,76982.0,19,4,0,56,1062,16,0,2,1,1,9,2
538,57247.0,50,2,0,71,232,12,1,0,2,3,10,3
539,22944.0,67,7,0,42,76,9,1,0,1,2,10,3
540,25315.0,46,8,0,46,54,9,1,0,2,3,10,3
541,43638.0,37,7,0,54,201,11,1,0,1,2,11,2
542,42710.0,38,6,0,39,406,14,1,0,1,2,11,4
543,84169.0,9,3,0,41,1919,20,0,3,2,2,10,4
544,54058.0,56,3,0,47,662,20,1,0,2,3,10,2
545,24683.0,98,5,0,33,41,8,1,0,2,3,9,3
546,85620.0,68,1,0,59,1600,14,0,1,1,1,9,2
547,47850.0,72,6,0,43,134,8,1,0,2,3,10,2
548,19514.0,47,8,0,55,69,10,2,2,2,4,9,2
549,27159.0,33,6,0,50,21,6,2,0,2,4,9,3
550,39548.0,87,3,0,60,54,7,2,0,1,3,9,3
551,21474.0,0,7,0,34,91,8,1,2,1,2,9,2
552,60504.0,73,6,0,52,526,18,1,0,1,2,9,4
553,22419.0,74,8,0,60,162,8,0,0,2,2,10,2
554,81698.0,4,1,0,74,1008,25,0,1,2,2,10,3
555,43462.0,50,8,0,71,240,16,2,0,2,4,11,2
556,54880.0,57,5,0,45,795,21,1,0,1,2,10,4
557,79908.0,30,2,0,41,1772,19,0,1,2,2,10,2
558,15315.0,27,5,0,53,64,8,0,0,2,2,10,3
559,87771.0,61,6,0,64,1957,20,1,5,2,3,10,2
560,33039.0,4,5,0,45,78,7,1,0,2,3,10,2
561,81741.0,75,2,0,43,1572,19,0,0,1,1,10,2
562,71499.0,12,4,0,52,795,26,1,0,2,3,10,3
563,62466.0,13,4,0,53,889,26,1,0,2,3,9,3
564,48799.0,9,3,0,60,331,15,1,0,1,2,10,4
565,52157.0,48,4,0,73,265,12,1,0,2,3,9,4
566,66565.0,80,8,0,61,1065,19,1,0,1,2,11,2
567,29298.0,60,5,0,72,11,4,2,0,2,4,10,3
568,47691.0,43,6,0,44,21,4,1,0,1,2,10,2
569,38200.0,19,7,0,53,17,4,2,0,2,4,11,2
570,44989.0,26,6,0,49,369,16,1,0,2,3,11,2
571,38443.0,58,7,0,55,38,6,2,0,2,4,9,4
572,38593.0,42,8,0,45,177,11,1,0,1,2,10,3
573,64413.0,27,5,0,53,279,12,1,0,2,3,10,4
574,36959.0,56,8,0,42,62,7,1,0,2,3,10,3
575,61996.0,27,5,0,46,1230,21,1,4,2,3,10,4
576,51287.0,10,7,0,55,182,11,2,0,2,4,9,2
577,13260.0,48,8,0,53,49,10,2,0,2,4,10,2
578,47472.0,39,5,0,57,75,8,2,0,2,4,10,4
579,54603.0,85,7,0,67,227,16,2,0,2,4,10,3
580,45207.0,64,6,0,49,215,15,2,1,2,4,11,4
581,40689.0,69,8,0,72,444,20,1,0,2,3,10,2
582,47821.0,54,8,0,56,47,5,2,0,2,4,10,3
583,27450.0,57,7,0,72,143,7,0,0,2,2,10,3
584,39453.0,64,6,0,40,55,7,1,0,2,3,9,2
585,26850.0,10,4,0,52,63,11,2,0,2,4,9,3
586,79800.0,65,3,0,68,1867,22,0,4,1,1,11,2
587,61794.0,74,2,0,62,611,20,1,0,2,3,10,3
588,53863.0,4,7,0,68,473,18,1,1,2,3,9,2
589,24221.0,94,4,0,64,55,6,0,0,2,2,10,2
590,39684.0,41,7,1,39,81,7,1,1,1,2,11,4
591,92163.0,25,2,0,48,2086,21,0,3,2,2,11,3
592,69882.0,94,1,0,58,1478,20,0,0,1,1,10,3
593,33178.0,9,4,0,46,49,5,1,0,2,3,9,2
594,59973.0,47,1,0,51,382,15,0,0,2,2,10,4
595,17459.0,12,7,0,48,69,9,1,1,2,3,10,3
596,23910.0,80,7,0,54,67,6,1,0,1,2,11,2
597,42169.0,20,8,0,54,30,6,2,0,2,4,10,3
598,26224.0,39,6,0,45,63,9,1,0,2,3,10,3
599,31089.0,57,8,0,42,79,10,1,0,2,3,11,2
600,30081.0,27,7,0,62,42,5,1,0,1,2,10,2
601,62807.0,83,5,0,63,819,23,1,0,2,3,11,2
602,72906.0,79,1,0,68,1151,17,0,0,1,1,10,2
603,61467.0,69,5,0,75,594,20,2,0,2,4,11,4
604,49618.0,77,7,0,57,129,11,2,0,2,4,10,3
605,21888.0,15,10,0,37,213,12,1,1,1,2,11,3
606,42429.0,99,5,0,50,67,7,1,0,1,2,9,2
607,26150.0,61,7,0,67,28,5,3,0,1,4,10,2
608,30801.0,23,7,0,48,45,6,1,0,2,3,11,1
609,81168.0,84,3,0,58,1193,18,0,1,2,2,9,2
610,26877.0,74,6,0,54,268,12,0,0,1,1,10,3
611,45006.0,90,3,0,79,266,12,0,0,1,1,10,3
612,18978.0,41,8,0,50,37,5,1,0,2,3,11,1
613,22574.0,28,7,0,56,37,7,3,0,2,5,10,2
614,48240.0,73,5,0,54,882,25,0,1,1,1,11,4
615,45837.0,88,7,0,49,373,18,2,0,2,4,10,2
616,35791.0,94,8,0,58,35,6,3,0,1,4,10,3
618,54162.0,31,4,0,45,42,5,2,0,1,3,10,2
619,30522.0,6,2,0,63,326,17,1,0,2,3,11,3
620,54456.0,23,6,0,62,404,17,1,0,2,3,10,4
621,31632.0,92,7,0,52,95,6,0,0,1,1,10,2
622,72298.0,52,1,0,74,939,14,0,2,1,1,9,2
623,36975.0,50,7,0,45,33,5,1,0,1,2,10,3
624,72635.0,54,3,0,68,981,21,0,1,2,2,10,3
625,13624.0,93,6,0,47,36,7,1,0,2,3,10,2
626,84196.0,56,3,0,48,1237,20,1,0,1,2,10,2
627,70971.0,28,7,0,63,1825,34,1,1,2,3,11,2
628,34487.0,94,9,0,46,103,9,2,0,1,3,11,4
629,28769.0,76,9,0,46,191,12,1,0,1,2,11,2
630,69084.0,43,8,0,53,1586,25,1,0,2,3,10,4
631,65488.0,46,1,0,65,963,14,0,0,2,2,9,4
632,62466.0,13,4,0,53,889,26,1,0,2,3,9,3
633,32218.0,27,7,0,63,93,7,0,2,1,1,9,3
634,83917.0,12,3,0,50,1587,21,0,1,1,1,10,2
635,46102.0,3,7,0,61,16,4,3,0,1,4,9,2
636,84574.0,72,5,0,71,1375,32,0,0,1,1,10,2
637,56181.0,6,4,0,61,393,14,1,0,2,3,10,2
638,63120.0,53,7,0,73,1477,26,1,1,1,2,11,3
639,73691.0,58,2,0,52,1179,18,1,1,2,3,10,2
640,63381.0,78,2,0,63,1005,26,1,0,2,3,11,2
641,76140.0,57,2,0,75,1348,21,0,0,2,2,9,4
642,62859.0,37,6,0,64,1307,23,1,0,1,2,11,4
643,45906.0,20,5,0,59,486,15,1,1,1,2,10,2
644,77632.0,73,2,0,76,2252,13,0,3,2,2,10,3
645,46463.0,56,6,0,52,235,17,2,0,2,4,10,4
646,105471.0,36,3,0,53,1724,30,0,3,2,2,10,2
647,55282.0,9,4,0,53,235,11,1,0,1,2,10,3
648,78710.0,42,4,0,46,1092,28,1,0,2,3,9,3
649,66886.0,28,5,0,65,599,17,1,0,2,3,10,2
650,98777.0,23,1,0,63,2008,19,0,1,1,1,9,3
651,29103.0,38,9,0,38,48,6,1,0,2,3,11,2
652,67445.0,63,6,0,49,1174,32,1,0,2,3,11,2
653,50616.0,71,2,0,73,67,7,1,0,2,3,9,4
654,49431.0,9,8,0,68,365,15,1,0,1,2,11,2
656,61278.0,87,6,0,70,165,10,1,0,2,3,9,2
657,26490.0,92,6,0,65,210,11,0,0,2,2,11,3
658,73059.0,36,4,0,76,1095,26,1,0,2,3,10,4
659,46734.0,86,6,0,57,223,12,3,1,1,4,10,4
660,56253.0,83,6,0,60,597,22,1,0,2,3,11,2
661,19986.0,74,7,0,38,22,4,1,0,2,3,10,2
662,58330.0,87,4,0,48,1064,24,1,0,1,2,10,2
663,25965.0,29,8,0,43,74,6,0,0,2,2,11,1
664,14661.0,88,6,0,67,26,5,0,0,2,2,10,3
665,18690.0,77,8,0,64,60,5,0,0,2,2,11,2
666,45068.0,25,7,0,49,20,4,1,0,2,3,10,4
667,21063.0,34,6,0,36,59,7,1,0,1,2,10,1
668,29187.0,43,8,0,55,34,5,1,0,2,3,10,4
669,54690.0,76,3,0,52,198,12,2,0,2,4,10,3
670,59304.0,81,5,0,59,1048,28,1,0,2,3,10,4
671,59247.0,87,6,0,61,574,21,2,0,1,3,10,3
672,66731.0,33,3,0,53,1029,17,1,0,1,2,11,2
673,77353.0,38,4,0,43,670,20,1,0,2,3,10,2
674,52614.0,63,8,0,48,990,16,1,0,1,2,11,4
675,26751.0,26,8,0,49,11,4,2,0,2,4,9,2
676,81300.0,17,5,0,60,1241,21,1,2,2,3,11,4
677,70337.0,75,1,0,44,576,17,0,0,1,1,9,2
678,36145.0,13,9,0,38,172,12,1,2,2,3,10,3
679,65295.0,19,2,0,43,664,20,0,0,1,1,10,4
680,68118.0,51,6,0,60,928,23,1,0,1,2,10,2
681,68743.0,81,7,0,56,2074,30,0,0,1,1,11,2
682,41039.0,32,8,0,41,467,15,0,0,2,2,10,3
683,38946.0,84,5,0,68,257,12,1,0,2,3,10,2
684,65777.0,87,1,0,56,1146,17,0,0,2,2,10,2
685,66476.0,99,4,0,47,689,20,1,0,1,2,10,4
686,86857.0,96,2,0,51,2114,22,0,1,1,1,11,4
688,77845.0,40,1,0,34,1346,21,0,2,2,2,9,4
689,69476.0,3,2,0,54,1044,15,0,0,2,2,10,4
690,50611.0,98,6,0,63,493,22,1,2,1,2,11,4
691,61209.0,73,2,0,53,957,13,0,0,1,1,10,2
692,42315.0,90,3,0,65,270,12,1,0,2,3,10,3
693,13084.0,29,6,0,71,29,5,0,0,2,2,10,1
694,47570.0,3,7,0,74,121,9,2,1,1,3,10,3
695,61923.0,94,3,0,62,126,8,2,0,2,4,10,3
696,34824.0,65,6,0,28,23,4,0,0,1,1,9,2
697,26518.0,33,8,0,74,57,8,2,1,1,3,10,4
698,45938.0,46,6,0,62,636,20,0,0,1,1,10,2
699,78468.0,29,4,0,63,1004,28,0,1,2,2,9,2
700,78901.0,99,4,0,50,734,20,1,0,1,2,10,2
701,71427.0,26,4,0,45,614,20,2,0,2,4,9,2
702,71022.0,30,8,0,45,1453,21,1,1,1,2,9,2
703,90247.0,27,1,0,35,1621,15,0,4,1,1,9,3
704,41335.0,24,7,0,55,187,12,1,0,1,2,10,3
705,71952.0,93,4,0,37,1443,22,1,2,2,3,10,2
706,35682.0,34,2,0,53,57,6,1,0,1,2,9,4
707,43185.0,88,8,0,72,637,20,1,0,1,2,10,2
708,66375.0,96,7,0,75,948,14,1,1,2,3,10,4
709,35178.0,10,7,0,52,59,5,1,2,2,3,10,3
710,25252.0,26,8,0,37,18,4,1,0,2,3,10,2
711,55250.0,49,5,0,58,903,26,1,0,1,2,11,3
712,33249.0,11,6,0,48,112,8,1,0,1,2,10,2
713,58398.0,44,4,0,70,596,20,0,0,2,2,10,2
714,50272.0,75,7,0,41,233,13,1,0,2,3,10,2
715,76618.0,64,1,0,48,1511,11,0,0,2,2,11,4
716,87305.0,19,2,0,63,1152,17,0,2,1,1,11,3
717,25851.0,45,7,0,45,48,7,1,0,2,3,10,2
718,58710.0,77,6,0,53,1185,31,1,0,1,2,10,2
719,45160.0,9,7,0,65,21,4,2,0,1,3,9,2
720,74806.0,1,4,0,58,965,16,1,0,2,3,11,3
721,59111.0,90,7,0,69,869,21,0,0,2,2,10,2
722,18988.0,43,7,0,39,16,6,1,0,2,3,9,4
723,72190.0,79,3,0,58,1947,16,0,0,2,2,10,2
724,7500.0,19,9,0,47,71,12,1,2,2,3,11,2
725,44794.0,99,6,0,57,65,6,1,0,2,3,9,2
726,80395.0,62,2,0,68,1380,24,0,1,2,2,10,2
727,75012.0,41,1,0,47,1027,23,0,0,1,1,9,3
728,56962.0,60,7,0,58,411,21,3,0,2,5,10,3
729,89891.0,17,4,0,32,836,26,0,1,2,2,10,2
730,35946.0,24,5,0,74,11,4,2,0,1,3,10,4
731,53593.0,60,8,0,70,480,23,2,0,2,4,11,4
732,66373.0,57,3,0,45,606,23,2,0,2,4,10,2
733,45072.0,74,8,0,75,284,16,3,0,1,4,10,4
734,89694.0,22,5,0,50,1472,14,2,3,1,3,10,2
735,72025.0,46,2,0,74,1677,26,0,4,2,2,9,2
736,67432.0,69,4,0,50,1335,19,1,0,2,3,10,2
737,70545.0,29,2,0,71,334,13,1,0,2,3,9,3
738,17487.0,37,7,0,34,18,4,1,0,2,3,10,1
739,62882.0,26,4,0,54,1338,20,1,0,2,3,11,2
740,64108.0,8,5,0,70,1099,30,1,0,1,2,10,4
741,34941.0,26,8,0,67,97,8,2,0,2,4,10,3
742,48767.0,79,5,0,73,63,9,3,0,1,4,9,4
743,38702.0,71,6,0,45,109,9,1,0,2,3,10,3
744,82224.0,83,3,0,59,902,21,0,1,2,2,9,2
745,83844.0,57,1,0,71,1574,20,0,1,2,2,10,2
746,17003.0,37,5,0,48,38,9,1,0,2,3,10,3
747,71163.0,30,1,0,28,960,24,0,0,1,1,9,2
748,33697.0,34,7,0,53,28,4,1,1,1,2,10,2
749,63564.0,0,6,0,69,1215,28,0,2,2,2,9,3
750,83443.0,89,2,0,51,1497,22,0,0,2,2,10,4
751,51518.0,92,3,0,65,449,17,1,0,2,3,10,4
752,58330.0,87,4,0,48,1064,24,1,0,1,2,10,2
753,80952.0,20,8,0,54,1757,25,0,4,2,2,10,2
754,75507.0,56,3,0,44,1440,21,0,0,2,2,9,2
755,63855.0,28,4,0,45,1006,24,0,0,2,2,10,3
756,62220.0,55,6,0,51,1226,23,1,1,2,3,11,4
757,58512.0,25,8,0,59,1171,20,1,0,2,3,10,2
758,40662.0,0,4,0,44,92,8,1,0,2,3,10,3
759,38829.0,86,5,0,64,99,8,1,0,2,3,9,4
760,35523.0,8,7,0,42,66,8,1,0,2,3,10,3
761,79146.0,33,6,0,56,564,19,2,0,1,3,9,2
762,78285.0,13,3,0,35,1427,21,0,0,2,2,10,3
763,31626.0,12,7,0,45,86,6,1,2,1,2,10,4
764,75127.0,92,1,0,71,833,19,0,0,1,1,9,2
765,48726.0,90,6,0,68,242,12,1,0,2,3,10,2
766,74985.0,8,2,0,46,1869,17,0,0,2,2,11,2
767,67430.0,6,6,0,36,1364,29,0,0,2,2,11,2
768,46891.0,91,4,0,58,183,8,1,0,2,3,10,3
769,62058.0,52,6,0,67,450,18,1,0,2,3,10,3
770,72063.0,3,2,0,44,758,21,1,0,2,3,10,2
771,78939.0,57,3,0,72,1507,20,0,0,2,2,10,4
772,42720.0,9,8,0,58,654,25,2,1,1,3,10,2
773,33622.0,22,7,0,51,81,9,2,0,2,4,10,2
774,6835.0,76,20,0,66,137,1,1,0,2,3,11,4
775,41452.0,86,7,0,70,16,4,2,0,2,4,10,2
776,40760.0,64,6,0,58,93,8,1,0,1,2,10,4
777,74250.0,90,1,0,65,1158,18,0,0,2,2,9,4
778,51124.0,79,3,0,68,43,6,2,0,1,3,10,3
779,72258.0,28,2,0,52,1525,22,1,0,1,2,10,2
780,71466.0,86,1,0,49,1230,19,0,0,1,1,9,4
781,36283.0,42,4,0,47,29,6,2,0,2,4,9,2
782,20587.0,39,7,0,53,25,5,1,0,1,2,9,2
783,30467.0,8,7,0,51,24,4,1,0,2,3,9,2
784,31590.0,40,8,0,51,38,5,1,0,2,3,10,2
785,20425.0,5,7,0,37,57,7,1,0,2,3,11,1
786,17144.0,96,7,0,63,47,12,2,0,2,4,9,3
787,42564.0,28,7,0,55,813,24,1,2,1,2,10,4
788,43783.0,22,7,0,45,629,22,1,1,2,3,9,3
789,40780.0,30,9,0,47,377,17,1,0,1,2,11,2
790,62847.0,45,2,0,78,1612,14,0,0,2,2,10,3
791,82017.0,58,2,0,66,729,17,0,4,2,2,11,4
792,16813.0,49,7,0,73,50,6,0,1,1,1,10,2
793,51267.0,37,4,0,45,270,15,2,0,2,4,10,2
794,46524.0,70,3,0,62,177,9,1,0,1,2,10,2
795,45183.0,33,7,0,61,315,13,0,1,1,1,10,3
796,70421.0,98,6,0,69,767,23,1,0,2,3,9,4
797,60161.0,17,8,0,58,1071,26,1,0,1,2,11,3
798,73926.0,54,3,0,50,1580,24,0,0,2,2,10,2
799,19329.0,39,8,0,55,60,10,1,0,2,3,10,2
800,61872.0,81,4,0,53,573,21,1,0,2,3,10,3
801,46984.0,71,5,0,67,41,5,2,0,1,3,10,2
802,34838.0,62,6,0,72,170,10,2,0,2,4,10,2
803,82716.0,8,2,0,79,1167,28,0,0,1,1,10,4
804,48192.0,76,8,0,65,1526,25,0,4,2,2,10,2
805,49681.0,66,7,0,47,458,21,2,0,2,4,10,3
806,56850.0,83,2,0,52,63,6,1,0,2,3,9,3
807,55267.0,28,3,0,66,405,17,1,0,2,3,10,2
808,59666.0,87,8,0,51,1027,20,2,1,2,4,10,2
809,72504.0,43,2,0,51,1478,22,1,0,1,2,10,2
810,26872.0,0,6,0,42,72,5,0,0,2,2,10,2
811,21359.0,1,8,0,51,48,7,1,1,1,2,10,2
812,73170.0,1,2,0,48,726,16,0,0,1,1,9,2
813,52750.0,72,4,0,68,860,27,1,0,2,3,10,3
814,91820.0,72,1,0,37,1497,22,0,0,2,2,10,4
815,65968.0,12,3,0,53,495,18,1,0,2,3,9,4
816,30772.0,89,6,0,47,20,4,2,0,2,4,9,2
817,22507.0,67,9,0,69,570,19,0,0,1,1,11,2
818,65685.0,54,5,0,51,769,21,1,0,2,3,9,2
819,25804.0,34,8,0,45,55,7,1,0,2,3,10,3
820,76412.0,15,3,0,43,1808,18,0,3,1,1,10,4
821,22063.0,43,7,0,51,55,7,1,0,2,3,10,2
822,57091.0,0,5,0,62,577,18,0,2,1,1,9,2
823,22419.0,74,8,0,60,162,8,0,0,2,2,10,2
824,87771.0,61,6,0,64,1957,20,1,5,2,3,10,2
825,78353.0,51,8,0,64,1576,24,1,0,1,2,10,3
826,93404.0,97,5,0,69,1616,17,3,2,2,5,10,2
827,37859.0,75,8,0,61,36,6,3,0,1,4,10,2
828,80995.0,83,4,0,65,1482,22,1,0,1,2,10,4
829,16529.0,23,6,0,39,22,5,1,0,2,3,9,2
830,55412.0,65,5,0,47,63,6,2,0,1,3,10,4
831,48789.0,94,6,0,31,680,18,0,0,1,1,11,2
832,56575.0,42,5,0,56,542,20,2,0,2,4,10,4
833,25130.0,10,7,0,43,50,7,1,0,2,3,10,3
834,35441.0,94,8,0,56,39,6,2,0,2,4,10,2
835,71391.0,50,3,0,67,1043,28,1,0,2,3,10,2
836,49494.0,46,7,0,51,385,14,1,0,1,2,10,3
837,81702.0,98,3,0,43,1633,27,0,0,1,1,11,2
838,45889.0,42,6,0,43,46,5,1,0,1,2,10,3
839,56628.0,30,5,0,46,761,20,1,1,1,2,9,2
840,34026.0,11,5,0,73,76,9,2,0,2,4,10,2
841,40049.0,61,5,0,49,290,14,1,0,2,3,11,2
842,34176.0,12,6,0,35,89,11,1,0,1,2,9,2
843,19419.0,76,9,0,42,70,11,1,0,2,3,11,2
844,82504.0,2,1,0,63,1066,17,0,0,2,2,10,3
845,81205.0,43,2,0,53,2009,19,0,4,2,2,9,2
846,61618.0,27,3,0,32,1345,19,0,0,1,1,11,3
847,55284.0,60,5,0,67,764,23,1,0,1,2,11,3
848,49980.0,79,5,0,60,195,11,1,0,1,2,10,2
849,15072.0,96,5,0,43,53,11,2,0,2,4,10,2
850,49166.0,17,6,0,49,368,13,1,0,1,2,10,2
851,65324.0,0,4,0,69,544,20,1,0,2,3,9,4
852,82347.0,38,3,0,66,1853,25,0,2,2,2,11,3
853,30843.0,43,5,0,57,35,6,2,1,2,4,9,4
854,46374.0,1,8,0,49,446,18,1,3,2,3,9,4
855,60474.0,25,7,0,44,1180,31,1,0,1,2,10,2
856,38576.0,2,7,0,50,41,5,1,0,2,3,9,3
857,55357.0,66,5,0,38,727,22,2,0,2,4,10,2
858,37758.0,49,8,0,57,40,6,2,0,2,4,11,2
859,85710.0,5,2,0,34,1062,26,0,1,2,2,10,3
860,23228.0,71,8,0,54,40,7,1,0,2,3,9,2
861,44602.0,35,8,0,54,292,17,2,0,2,4,9,3
862,7500.0,94,6,0,36,15,4,0,0,2,2,10,2
863,38683.0,80,7,0,34,341,17,1,0,2,3,11,3
864,49514.0,61,7,0,48,369,13,1,0,1,2,10,3
865,57906.0,29,4,0,50,401,17,1,0,2,3,10,4
866,43456.0,0,5,0,57,393,17,1,0,1,2,10,3
867,19485.0,80,7,0,37,10,4,2,0,1,3,10,3
868,53172.0,54,3,0,45,486,16,1,0,2,3,10,2
869,30545.0,71,7,0,44,69,7,1,0,2,3,11,2
870,70123.0,27,3,0,40,1727,17,0,2,2,2,10,4
871,62450.0,61,3,0,64,995,16,1,1,1,2,9,2
872,21675.0,55,7,0,47,45,10,1,0,2,3,9,2
873,42395.0,35,7,0,42,182,12,2,0,1,3,9,3
874,61346.0,34,3,0,45,989,23,1,0,2,3,10,3
875,80812.0,95,2,0,70,1677,18,0,3,2,2,10,2
876,42835.0,64,6,0,52,595,23,2,0,1,3,10,3
877,39922.0,30,8,0,40,156,9,1,0,2,3,10,2
878,86424.0,12,1,0,67,1226,28,0,0,1,1,9,3
879,17117.0,96,9,0,45,128,11,1,0,2,3,10,3
880,24762.0,16,8,0,51,86,9,1,2,1,2,9,2
881,35797.0,16,8,0,48,68,7,1,0,2,3,11,2
882,36627.0,78,5,0,48,16,4,2,0,1,3,10,2
883,51111.0,83,6,0,42,55,7,2,0,2,4,9,3
884,86857.0,96,2,0,51,2114,22,0,1,1,1,11,4
885,82072.0,67,1,0,53,2018,19,0,0,2,2,10,4
886,46231.0,87,9,0,70,263,15,3,0,1,4,11,4
887,42243.0,34,7,0,64,55,7,2,0,2,4,10,2
888,51195.0,46,8,0,61,564,24,2,0,2,4,10,2
889,68092.0,7,5,0,45,1281,20,0,0,1,1,10,3
890,31814.0,73,9,0,50,83,7,1,1,2,3,10,2
891,51390.0,54,5,0,58,353,18,2,0,1,3,11,3
892,76630.0,93,1,0,40,1003,25,0,0,2,2,9,2
893,26868.0,52,7,0,32,14,4,1,0,1,2,9,1
894,48948.0,53,6,0,80,902,24,0,2,1,1,10,4
895,55260.0,81,6,0,51,1139,25,1,0,1,2,11,4
896,64090.0,8,5,0,67,797,20,1,1,2,3,10,2
897,78331.0,97,4,0,65,1638,25,1,0,1,2,9,2
898,37087.0,50,6,0,49,401,17,1,0,2,3,10,4
899,21846.0,38,8,0,37,84,11,1,0,1,2,10,2
900,81320.0,61,2,0,65,928,18,0,0,2,2,10,2
901,54137.0,46,6,0,53,203,11,1,0,1,2,10,2
902,66825.0,73,2,0,56,858,16,0,0,2,2,10,2
903,57100.0,19,3,0,50,409,13,0,0,2,2,10,2
904,58917.0,10,5,0,54,282,16,3,0,2,5,10,2
905,85072.0,94,0,0,46,1423,18,0,0,1,1,9,2
906,86429.0,10,2,0,62,1449,18,0,2,1,1,10,2
907,45684.0,37,7,0,52,28,4,1,0,1,2,10,2
908,47889.0,94,5,0,49,67,6,1,0,2,3,9,2
909,45921.0,23,4,0,37,199,10,0,0,2,2,9,4
910,78420.0,75,1,0,57,1453,22,0,0,1,1,10,4
911,75114.0,40,2,0,31,1253,19,0,0,2,2,10,2
912,52278.0,24,8,0,60,1198,31,1,1,1,2,10,4
913,35641.0,11,7,0,51,178,10,1,1,2,3,10,3
914,95529.0,29,3,0,29,1990,18,0,2,1,1,11,2
915,62820.0,51,1,0,69,976,14,0,0,2,2,10,2
916,73113.0,86,2,0,63,1001,15,0,0,2,2,10,3
917,84169.0,9,3,0,41,1919,20,0,3,2,2,10,4
918,42607.0,30,3,0,69,350,14,1,0,1,2,10,3
919,74637.0,73,3,0,69,1650,25,0,1,1,1,10,4
920,46015.0,25,7,0,68,46,5,2,2,2,4,9,4
921,72354.0,67,1,0,30,1228,19,0,0,1,1,10,2
922,39858.0,67,6,0,54,95,7,1,1,1,2,10,3
923,34469.0,58,4,0,75,62,9,2,0,2,4,9,4
924,83033.0,82,5,0,37,1761,26,1,1,2,3,9,2
925,24401.0,98,8,0,44,467,16,0,0,2,2,11,3
926,77583.0,93,2,0,45,1149,19,0,1,2,2,9,2
927,74116.0,53,2,0,41,2052,19,0,1,1,1,10,3
928,74293.0,66,2,0,30,1127,16,0,0,1,1,9,2
929,68397.0,6,3,0,47,1416,21,1,0,2,3,10,4
930,79632.0,42,2,0,49,1113,20,0,0,2,2,9,4
931,46107.0,78,3,0,34,125,7,1,0,1,2,9,2
932,64950.0,29,7,0,72,966,25,1,1,1,2,11,4
933,25443.0,82,8,0,34,32,5,1,0,2,3,11,1
934,75127.0,92,1,0,71,833,19,0,0,1,1,9,2
935,32892.0,78,8,0,52,46,8,1,0,2,3,9,4
936,71796.0,54,4,0,52,960,17,0,0,2,2,10,2
937,67536.0,45,8,0,53,1829,30,1,1,2,3,10,4
938,55239.0,59,5,0,52,779,26,1,0,1,2,10,2
939,60554.0,8,6,0,48,811,23,1,0,1,2,10,4
940,64831.0,51,6,0,71,1120,22,2,0,1,3,10,3
941,56067.0,51,5,0,61,725,20,1,0,2,3,10,4
942,82025.0,76,1,0,40,1187,12,0,2,1,1,10,2
943,94384.0,62,2,0,70,2302,18,0,4,2,2,10,2
944,14906.0,86,7,0,37,66,9,0,0,1,1,11,1
945,51563.0,60,8,0,36,1250,19,0,2,2,2,11,4
946,57937.0,56,3,0,41,683,20,1,0,2,3,9,3
947,68274.0,83,3,0,44,305,13,2,0,1,3,10,2
948,39771.0,92,4,0,46,50,6,1,0,2,3,10,2
949,67893.0,31,8,0,48,995,16,1,0,1,2,11,3
950,27922.0,80,4,0,44,41,6,1,0,2,3,9,4
951,52190.0,39,5,0,47,77,9,2,1,2,4,9,4
952,44051.0,20,6,0,50,171,12,2,1,1,3,10,3
953,42767.0,53,8,0,52,131,7,2,0,1,3,10,4
954,46106.0,84,6,0,47,54,5,2,0,2,4,9,3
955,16927.0,50,8,0,47,53,12,2,0,2,4,10,4
956,59754.0,96,5,0,58,475,16,1,1,2,3,11,2
957,53700.0,94,5,0,71,694,22,1,0,1,2,11,2
958,59041.0,25,5,0,50,96,8,2,0,2,4,9,2
959,54237.0,48,6,0,66,361,16,1,0,1,2,10,4
960,70647.0,65,2,0,56,1079,26,1,0,1,2,11,2
961,52597.0,69,5,0,61,578,20,1,0,1,2,9,4
962,41021.0,12,6,0,54,64,7,1,1,2,3,11,3
963,40233.0,84,6,0,48,149,13,1,0,2,3,10,4
964,50183.0,47,5,0,43,231,17,2,0,2,4,9,2
965,54753.0,87,4,0,64,728,21,1,0,2,3,10,2
966,92955.0,35,2,0,50,1778,23,0,3,2,2,10,2
967,33471.0,47,7,0,50,93,10,1,0,2,3,11,2
968,34596.0,48,8,0,49,23,4,1,1,2,3,10,4
969,44010.0,46,9,0,43,662,24,1,0,2,3,11,2
970,84219.0,27,1,0,35,1198,18,0,0,2,2,9,2
971,40706.0,37,7,0,55,81,11,3,0,2,5,10,4
972,15716.0,8,8,1,35,92,10,1,0,2,3,11,3
973,59052.0,29,5,0,64,491,18,1,0,1,2,10,3
974,80573.0,85,2,0,52,1564,24,0,0,2,2,11,3
975,83715.0,2,0,0,61,926,24,0,0,2,2,9,2
976,82576.0,66,1,0,64,1910,19,0,1,2,2,11,3
977,56962.0,60,7,0,58,411,21,3,0,2,5,10,3
978,35704.0,54,4,0,71,94,9,2,0,2,4,9,2
979,53103.0,70,7,0,69,1085,28,1,1,2,3,10,2
980,46779.0,55,4,0,63,23,4,2,0,1,3,10,3
981,4861.0,20,14,0,58,6,0,0,0,1,1,9,2
982,33462.0,78,7,0,44,54,6,1,0,1,2,10,3
983,63693.0,63,6,0,45,1150,29,1,0,1,2,10,2
984,80763.0,17,3,0,73,1415,23,0,3,2,2,10,2
985,65352.0,43,4,0,49,405,16,1,0,2,3,10,4
986,82170.0,13,2,0,45,1908,19,0,0,2,2,10,4
987,75759.0,46,5,0,54,2486,26,0,4,2,2,10,2
988,79689.0,65,2,0,47,1315,27,0,0,1,1,10,3
989,35340.0,1,5,0,67,45,7,2,0,1,3,9,4
990,85683.0,6,1,0,69,1789,17,0,5,1,1,9,2
991,24884.0,32,7,0,51,19,4,1,0,2,3,11,3
992,42021.0,34,9,0,42,573,22,1,1,2,3,11,3
993,64449.0,70,4,0,34,805,24,1,0,1,2,9,2
994,64587.0,49,3,0,69,108,8,2,0,1,3,9,2
995,34824.0,65,6,0,28,23,4,0,0,1,1,9,2
996,75437.0,25,6,0,45,1493,23,0,1,2,2,10,2
997,26091.0,84,5,0,66,89,9,2,0,2,4,9,2
998,52845.0,7,6,0,50,936,25,1,1,2,3,10,2
999,46086.0,34,4,0,67,343,16,1,0,1,2,10,2
1000,78028.0,38,7,0,67,528,20,1,3,1,2,11,4
1001,95169.0,1,1,0,36,1901,12,0,3,1,1,10,4
1002,56337.0,25,8,0,42,724,22,2,3,2,4,10,3
1003,22434.0,25,8,0,36,58,7,1,0,2,3,10,2
1004,36930.0,50,8,0,69,297,16,1,0,2,3,10,4
1005,36130.0,46,4,0,69,488,21,1,2,1,2,10,2
1006,65569.0,96,3,0,70,859,23,1,0,2,3,11,3
1007,83844.0,57,1,0,71,1574,20,0,1,2,2,10,2
1008,19514.0,47,8,0,55,69,10,2,1,2,4,9,2
1009,36736.0,52,6,0,60,17,4,2,0,1,3,10,4
1010,77568.0,30,5,0,44,2194,21,1,3,2,3,11,2
1011,49187.0,63,2,0,47,116,8,1,0,2,3,9,4
1012,30168.0,51,9,0,45,279,18,1,0,1,2,10,2
1013,34053.0,14,8,0,55,103,7,1,0,2,3,11,3
1014,38196.0,20,5,0,52,44,9,2,0,2,4,9,3
1015,59412.0,56,3,0,72,406,15,0,0,2,2,9,3
1016,70924.0,41,3,0,58,1363,20,0,1,2,2,9,3
1017,54165.0,72,2,0,54,236,11,0,0,2,2,10,2
1018,32300.0,1,8,0,50,39,5,1,0,2,3,10,2
1019,20180.0,27,7,0,47,137,8,0,0,1,1,10,2
1020,34961.0,77,7,0,50,79,10,1,0,2,3,9,2
1021,28440.0,87,8,0,49,63,6,1,0,2,3,10,4
1022,64504.0,81,7,0,70,1314,25,3,1,2,5,10,4
1023,33564.0,51,5,0,57,71,6,1,0,2,3,9,3
1024,17345.0,79,8,0,45,58,7,1,0,2,3,11,2
1025,56320.0,11,4,0,56,702,21,1,0,2,3,10,4
1026,28647.0,54,7,0,45,94,7,1,2,1,2,10,2
1027,15038.0,93,9,0,36,80,7,1,0,1,2,10,1
1028,32173.0,0,4,0,65,22,5,1,0,1,2,10,4
1029,68316.0,54,6,0,59,1211,32,1,0,2,3,11,3
1030,74538.0,21,3,0,52,1461,22,0,2,2,2,10,2
1031,91700.0,58,3,0,52,1968,20,0,1,1,1,10,2
1032,68695.0,3,2,0,54,1091,16,0,0,2,2,9,2
1033,31056.0,99,8,0,46,55,5,1,0,2,3,10,3
1034,79593.0,70,2,0,50,1366,19,0,1,2,2,9,2
1035,28071.0,65,8,0,43,313,13,0,0,1,1,11,2
1036,37334.0,44,4,0,65,62,11,2,0,2,4,9,4
1037,46423.0,6,7,0,51,92,9,2,0,1,3,10,3
1038,37126.0,9,6,0,52,72,6,1,2,2,3,9,4
1039,47703.0,95,5,0,70,655,21,1,0,2,3,10,2
1040,61180.0,70,3,0,64,704,18,1,1,2,3,9,2
1041,38998.0,92,8,1,69,54,8,2,0,2,4,11,2
1042,8028.0,62,19,0,32,178,16,0,0,1,1,11,2
1043,76081.0,85,2,0,61,1033,14,0,1,2,2,9,2
1044,34728.0,2,6,0,37,36,5,1,1,2,3,10,2
1045,33168.0,0,7,0,58,122,10,1,0,1,2,11,3
1046,33585.0,91,4,0,57,122,7,1,0,2,3,10,3
1047,77037.0,3,3,0,63,1123,27,1,0,2,3,10,4
1048,35196.0,68,8,0,39,497,18,1,1,2,3,11,2
1049,44529.0,98,5,0,57,691,25,1,1,2,3,10,2
1050,70924.0,41,3,0,58,1363,20,0,1,2,2,9,3
1051,28764.0,16,8,0,57,12,4,2,1,2,4,9,4
1052,69098.0,82,5,0,74,2440,25,0,0,2,2,10,4
1053,25959.0,1,6,0,53,56,7,2,1,1,3,10,3
1054,27100.0,64,7,0,40,37,5,1,0,2,3,10,3
1055,70596.0,68,2,0,38,968,21,0,0,1,1,11,2
1056,42557.0,98,8,0,49,270,15,1,0,2,3,11,2
1057,53312.0,32,7,0,72,278,12,0,0,2,2,10,4
1058,72228.0,87,3,0,71,1250,22,0,0,1,1,11,2
1059,67605.0,84,1,0,36,938,17,0,0,2,2,10,2
1060,62845.0,3,8,0,74,1178,28,2,1,2,4,11,3
1061,65196.0,34,5,0,65,1155,26,2,1,2,4,10,2
1062,42000.0,23,5,0,36,653,20,0,1,1,1,10,4
1063,35860.0,37,5,0,50,49,6,2,1,1,3,9,4
1064,65526.0,22,2,0,59,506,17,1,0,2,3,9,4
1065,16860.0,19,7,0,62,38,8,2,0,2,4,11,2
1066,83528.0,7,1,0,31,1650,23,0,3,1,1,9,2
1067,64176.0,52,6,0,58,1826,33,1,0,1,2,11,3
1068,22304.0,91,8,0,67,18,4,0,0,1,1,11,2
1069,67023.0,93,2,1,45,906,24,0,0,2,2,9,2
1070,32892.0,78,8,0,52,46,8,1,0,2,3,9,4
1071,70713.0,23,3,0,57,1477,25,1,0,2,3,11,2
1072,59925.0,83,6,0,68,766,23,1,0,2,3,11,2
1073,39722.0,92,5,0,70,47,7,1,0,2,3,9,2
1074,46610.0,4,6,0,65,467,14,0,0,2,2,10,2
1075,88347.0,32,1,0,62,2116,21,0,1,2,2,10,2
1076,87171.0,27,2,0,42,1298,25,0,2,2,2,10,4
1077,26907.0,10,7,0,47,22,6,2,0,2,4,10,3
1078,50014.0,9,5,0,55,396,15,1,0,1,2,9,3
1079,41014.0,65,7,0,45,20,4,1,0,2,3,10,4
1080,66294.0,68,2,0,58,967,13,0,0,1,1,9,2
1081,36715.0,16,9,0,52,357,19,1,1,2,3,11,2
1082,79456.0,12,3,0,67,1401,16,0,1,2,2,11,2
1083,40479.0,95,4,0,41,15,4,1,0,2,3,10,2
1084,75345.0,16,3,0,53,2087,20,0,2,1,1,10,3
1085,54233.0,46,8,0,46,981,26,1,0,2,3,10,2
1086,24163.0,3,4,0,53,17,6,2,0,1,3,10,2
1087,84460.0,80,5,0,65,523,22,0,5,2,2,10,4
1088,43776.0,77,6,0,40,23,4,1,0,2,3,9,2
1089,71691.0,0,2,0,65,1192,17,0,1,1,1,9,4
1090,85844.0,62,2,0,50,1958,20,0,1,2,2,9,4
1091,39190.0,91,5,0,49,133,9,1,0,1,2,9,4
1092,71367.0,24,2,0,64,777,17,0,0,2,2,10,2
1093,38578.0,2,8,0,51,73,9,2,0,1,3,10,4
1094,57236.0,22,3,0,58,121,10,2,0,2,4,9,4
1095,61825.0,56,4,0,44,424,15,1,0,1,2,10,2
1096,79803.0,54,1,0,65,868,13,1,0,1,2,9,2
1097,80910.0,71,1,0,37,756,15,0,0,1,1,11,3
1098,27590.0,38,7,0,41,12,4,1,0,2,3,10,3
1099,56775.0,62,5,0,44,937,25,1,0,2,3,10,2
1100,83829.0,78,1,0,48,1862,17,0,4,1,1,10,2
1101,54210.0,18,5,0,44,367,14,1,0,2,3,10,3
1102,38508.0,95,8,0,37,443,20,1,0,2,3,10,2
1103,53187.0,66,5,0,53,267,13,1,0,2,3,10,2
1104,30023.0,28,8,0,51,61,6,1,0,2,3,9,2
1105,76045.0,78,2,0,63,1323,21,0,1,1,1,10,4
1106,50870.0,13,5,0,71,63,6,1,0,2,3,9,4
1107,15315.0,27,5,0,53,64,8,0,0,2,2,10,3
1108,65463.0,17,5,0,49,562,19,1,1,2,3,9,3
1109,66480.0,71,4,0,58,312,19,2,0,2,4,9,2
1110,76773.0,79,1,0,69,1156,16,0,0,1,1,10,2
1111,81698.0,1,5,0,40,1104,16,0,2,1,1,10,3
1112,54466.0,78,5,0,50,16,4,2,0,1,3,9,4
1113,98777.0,23,1,0,63,2008,19,0,1,1,1,9,3
1114,16269.0,75,8,0,39,44,9,1,0,1,2,10,4
1115,71819.0,70,6,0,52,1574,14,1,2,2,3,10,2
1116,33569.0,10,8,0,40,63,5,1,2,2,3,10,4
1117,36262.0,24,6,0,40,426,12,0,2,2,2,10,3
1118,22634.0,47,8,0,57,96,6,0,0,2,2,10,1
1119,47025.0,98,9,0,45,635,23,1,0,2,3,10,3
1120,70566.0,4,3,0,55,757,22,1,0,1,2,10,2
1121,31605.0,15,7,0,44,125,9,1,0,2,3,11,4
1122,52034.0,67,7,0,50,332,16,2,0,1,3,10,3
1123,48526.0,32,3,0,44,135,8,1,0,1,2,10,2
1124,46734.0,40,7,0,69,330,14,1,0,2,3,11,2
1125,39552.0,54,8,0,61,384,20,2,1,1,3,11,2
1126,86358.0,78,8,0,57,1722,18,2,0,1,3,11,2
1127,46931.0,94,3,0,46,78,7,3,0,2,5,9,2
1128,16581.0,51,4,0,38,24,4,0,0,1,1,10,1
1129,63998.0,42,4,0,71,1168,25,0,1,1,1,10,3
1130,67381.0,67,7,0,72,957,17,1,1,2,3,10,3
1131,25930.0,87,7,0,56,15,4,2,0,1,3,10,2
1132,42693.0,29,5,0,45,57,5,1,0,2,3,9,2
1133,85606.0,89,3,0,47,1956,24,1,1,2,3,11,2
1134,72903.0,74,4,0,38,2013,21,0,4,1,1,10,2
1135,49669.0,97,6,0,49,326,14,1,0,2,3,9,3
1136,36778.0,63,9,0,55,77,9,2,0,2,4,11,4
1137,85696.0,88,1,0,61,1313,20,0,1,1,1,10,4
1138,10979.0,34,5,0,34,30,8,0,0,1,1,9,3
1139,49678.0,81,7,0,62,315,14,1,0,2,3,10,2
1140,56129.0,65,4,0,70,660,22,1,0,2,3,10,3
1141,37155.0,51,5,0,34,74,7,1,0,2,3,10,2
1142,21282.0,76,6,0,45,46,7,1,0,1,2,9,3
1143,33419.0,76,7,0,61,86,8,1,0,1,2,10,4
1144,63285.0,84,3,0,78,1103,25,0,0,1,1,10,2
1145,21255.0,56,4,0,49,61,11,1,0,2,3,9,3
1146,42162.0,31,6,0,42,145,9,1,2,2,3,10,2
1147,54450.0,0,8,0,67,684,31,2,0,2,4,11,2
1148,57744.0,91,8,0,69,411,16,1,0,2,3,10,4
1149,26576.0,40,9,0,37,27,4,1,2,1,2,11,2
1150,57513.0,59,6,0,80,1060,27,0,0,1,1,10,4
1151,68142.0,96,6,0,59,1459,24,1,0,2,3,11,2
1152,7500.0,61,8,0,44,18,4,1,0,2,3,11,2
1153,83145.0,14,2,0,49,1833,26,0,2,2,2,11,2
1154,54197.0,16,1,0,63,237,12,1,0,2,3,9,3
1155,23091.0,98,7,0,60,48,10,2,0,1,3,9,4
1156,46049.0,11,7,0,47,515,26,2,1,2,4,10,2
1157,56715.0,52,4,0,49,1020,15,0,0,2,2,11,2
1158,79410.0,19,1,0,62,1370,11,0,0,2,2,9,2
1159,57304.0,61,5,0,72,1026,25,1,0,2,3,10,2
1160,44375.0,73,5,0,58,301,12,1,0,2,3,9,2
1161,54450.0,0,8,0,67,684,31,2,0,2,4,11,2
1162,59594.0,74,7,0,58,499,17,1,1,2,3,11,2
1163,80685.0,55,2,0,29,1004,21,0,0,2,2,11,2
1164,40344.0,48,7,0,49,218,12,1,0,2,3,10,4
1165,62710.0,53,4,0,51,606,22,1,0,2,3,10,2
1166,48985.0,13,3,0,55,75,6,1,0,2,3,10,3
1167,35322.0,34,8,0,55,106,9,3,0,2,5,11,2
1168,77142.0,54,2,0,75,990,17,0,0,2,2,10,2
1169,81657.0,69,1,0,54,1097,16,0,0,1,1,9,2
1170,14421.0,81,5,0,27,16,4,0,1,2,2,9,1
1171,20130.0,99,8,0,49,34,5,0,0,2,2,9,3
1172,74214.0,3,5,0,33,1711,16,0,0,2,2,11,4
1173,66726.0,61,7,0,66,438,17,2,1,2,4,9,3
1174,23724.0,65,8,0,44,75,7,1,0,2,3,10,1
1175,47353.0,93,5,0,63,225,13,1,0,2,3,10,3
1176,33444.0,24,8,0,71,18,4,2,0,2,4,11,3
1177,54386.0,8,3,0,42,470,17,1,0,2,3,10,2
1178,28510.0,72,5,0,42,91,9,2,0,1,3,10,2
1179,90638.0,29,1,0,32,2525,18,0,1,1,1,9,3
1180,48070.0,33,7,1,73,504,19,1,0,2,3,10,2
1181,43140.0,68,6,0,66,235,11,1,0,2,3,10,2
1182,54959.0,55,7,0,62,1232,21,1,2,1,2,10,4
1183,15056.0,76,5,0,65,88,12,2,0,1,3,10,1
1184,26954.0,17,7,0,52,17,4,1,0,1,2,9,2
1185,22327.0,94,5,0,38,24,5,1,0,1,2,10,2
1186,44393.0,86,4,0,58,60,7,2,0,2,4,10,2
1187,62000.0,25,4,0,71,1020,26,1,1,1,2,10,4
1188,31497.0,22,8,0,61,155,10,1,0,2,3,11,4
1189,45894.0,15,5,0,49,51,5,2,0,2,4,9,3
1190,78579.0,35,3,0,53,1812,16,0,1,1,1,11,3
1191,67369.0,81,4,0,54,1461,25,1,3,1,2,11,3
1192,58401.0,55,4,0,63,96,6,1,0,1,2,9,2
1193,62307.0,94,5,0,71,160,9,1,0,1,2,9,2
1194,43641.0,50,6,0,54,139,10,2,0,2,4,10,3
1195,63841.0,64,6,0,55,908,22,1,0,1,2,10,3
1196,46891.0,91,4,0,58,183,8,1,0,2,3,10,3
1197,70091.0,11,8,0,54,1161,19,1,1,2,3,10,3
1198,78075.0,72,1,0,51,988,14,0,0,2,2,9,4
1199,59184.0,6,5,0,62,1072,27,1,0,1,2,11,3
1200,54809.0,0,4,0,46,174,12,2,0,2,4,10,2
1201,58113.0,66,7,1,64,758,22,1,0,2,3,10,2
1202,51412.0,42,4,0,65,195,11,1,0,2,3,10,3
1203,15287.0,60,7,0,44,31,6,1,2,1,2,11,2
1204,66636.0,64,1,0,66,1084,17,0,0,2,2,10,3
1205,50965.0,87,8,0,67,685,22,1,1,2,3,10,3
1206,84618.0,96,2,0,58,1672,26,0,1,2,2,10,4
1207,18351.0,1,7,0,33,43,6,0,0,2,2,10,2
1208,40451.0,54,5,0,66,49,5,2,1,2,4,9,4
1209,36317.0,53,7,0,58,133,9,1,0,2,3,10,2
1210,42213.0,96,7,0,66,363,15,1,1,2,3,10,2
1211,65748.0,58,1,1,68,545,18,1,0,2,3,10,2
1212,77044.0,12,4,0,51,1065,31,1,1,2,3,10,2
1213,74918.0,78,3,0,54,2047,21,0,1,2,2,10,2
1214,56721.0,64,6,0,51,296,15,2,0,2,4,11,2
1215,42160.0,26,6,0,48,140,11,2,1,1,3,10,2
1216,61559.0,8,3,0,58,530,17,1,0,1,2,10,2
1217,33629.0,49,9,0,60,152,13,2,0,2,4,11,4
1218,68682.0,56,2,0,32,1598,24,0,0,2,2,10,4
1219,34377.0,55,7,0,60,114,8,1,0,1,2,10,2
1220,8940.0,25,8,0,37,101,10,1,0,1,2,11,1
1221,26228.0,50,8,0,50,25,4,1,0,2,3,10,2
1222,77297.0,84,4,0,66,789,22,0,1,1,1,10,3
1223,40211.0,30,8,0,42,87,7,2,1,2,4,10,2
1224,33438.0,81,5,0,65,90,11,2,0,1,3,10,4
1225,75032.0,74,3,0,64,1215,20,1,0,2,3,10,4
1226,61284.0,76,6,0,68,811,22,0,1,1,1,10,4
1227,22518.0,36,5,0,37,61,7,1,2,2,3,11,2
1228,54730.0,64,4,0,48,405,18,1,0,2,3,10,3
1229,38452.0,62,7,0,68,72,9,2,0,2,4,9,3
1230,44421.0,53,8,0,52,189,14,2,0,1,3,10,2
1231,38197.0,86,5,0,37,40,5,1,0,2,3,10,4
1232,41986.0,15,4,0,45,63,10,1,0,1,2,9,2
1233,28427.0,67,8,0,40,52,7,1,0,2,3,10,2
1234,37395.0,47,6,0,47,39,5,1,0,2,3,9,4
1235,64722.0,47,6,0,52,805,25,1,0,2,3,9,2
1236,55249.0,81,3,0,67,130,8,1,0,2,3,9,3
1237,84906.0,98,2,0,51,1631,24,0,3,2,2,10,2
1238,28691.0,56,8,0,34,34,5,1,0,2,3,10,2
1239,44213.0,48,6,0,71,152,12,2,0,1,3,10,2
1240,25707.0,18,7,0,39,21,5,1,0,1,2,9,1
1241,59062.0,74,4,0,56,71,7,3,0,2,5,10,4
1242,76624.0,68,1,0,61,899,23,1,1,1,2,9,2
1243,66000.0,36,1,0,76,711,10,0,0,2,2,9,3
1244,27683.0,90,8,0,45,351,16,1,0,2,3,11,4
1245,1730.0,65,20,0,52,8,15,0,0,1,1,9,2
1246,7500.0,63,9,0,31,119,11,1,0,1,2,11,1
1247,40521.0,82,5,0,55,21,4,2,0,2,4,10,2
1248,20427.0,63,8,0,50,10,4,1,0,2,3,9,4
1249,65106.0,55,6,0,48,973,27,1,1,2,3,9,2
1250,69969.0,64,3,0,58,1536,13,0,3,2,2,10,4
1251,67433.0,51,4,0,71,992,28,2,1,2,4,10,2
1252,77766.0,97,6,0,56,1529,34,1,2,2,3,10,4
1253,74716.0,92,4,0,51,860,17,1,0,2,3,10,2
1254,68118.0,51,6,0,60,928,23,1,0,1,2,10,2
1255,55158.0,72,7,0,53,418,18,2,1,2,4,11,4
1256,62972.0,39,6,0,68,587,16,1,1,2,3,11,3
1257,74190.0,49,2,0,48,641,19,1,0,2,3,9,2
1258,39356.0,21,6,0,47,23,4,2,1,2,4,9,2
1259,76653.0,91,2,0,54,2279,23,0,2,2,2,10,2
1260,35860.0,37,5,0,50,49,6,2,1,1,3,9,4
1261,90687.0,98,2,0,40,1779,17,0,2,1,1,10,4
1262,73450.0,85,3,0,41,1804,27,0,2,2,2,10,3
1263,31454.0,40,8,0,63,48,8,2,0,2,4,10,2
1264,47139.0,2,7,0,71,83,7,2,1,1,3,9,2
1265,83829.0,78,1,0,48,1862,17,0,4,1,1,10,2
1266,53378.0,41,8,0,60,793,29,2,1,2,4,11,4
1267,19656.0,94,7,0,53,84,9,1,0,2,3,10,2
1268,45579.0,10,6,0,75,183,10,1,0,2,3,10,4
1269,85485.0,73,2,0,65,1383,19,0,0,1,1,9,3
1270,55956.0,22,4,0,79,999,16,0,1,2,2,9,2
1271,64191.0,30,3,0,60,825,24,1,0,1,2,10,3
1272,38808.0,21,8,0,51,246,14,1,2,1,2,11,2
1273,57183.0,51,8,0,57,610,25,2,0,2,4,10,3
1274,23748.0,97,8,0,55,76,9,1,0,1,2,11,3
1275,66303.0,56,8,0,52,1286,22,1,1,2,3,10,2
1276,37368.0,4,6,0,48,30,4,1,1,2,3,10,3
1277,40800.0,77,7,1,59,99,8,3,0,2,5,10,2
1278,71847.0,95,3,0,45,1192,22,0,1,1,1,11,2
1279,46149.0,36,5,0,48,362,18,1,0,2,3,10,2
1280,78687.0,13,2,0,40,2130,19,0,2,2,2,11,2
1281,49118.0,90,7,0,52,1229,28,0,3,1,1,11,3
1282,37633.0,49,9,0,66,38,6,2,0,2,4,11,4
1283,39767.0,18,8,0,72,485,17,0,0,2,2,10,3
1284,26997.0,89,7,0,72,434,13,0,0,2,2,11,1
1285,33986.0,43,7,0,53,44,5,1,0,1,2,10,2
1286,57091.0,82,7,0,51,496,18,1,2,2,3,11,4
1287,46831.0,84,4,0,54,78,7,2,0,2,4,10,3
1288,83151.0,80,2,0,51,2346,23,0,4,2,2,10,3
1289,52531.0,68,6,0,52,794,21,0,0,2,2,11,2
1290,15759.0,12,7,0,67,17,4,0,0,2,2,10,2
1291,22804.0,75,9,0,52,26,5,1,0,1,2,10,2
1292,43050.0,10,5,0,50,76,8,1,0,2,3,9,3
1293,42997.0,91,7,0,46,15,4,2,0,1,3,10,4
1294,48918.0,21,4,0,60,62,7,2,0,1,3,9,4
1295,60033.0,28,2,0,69,198,10,1,0,2,3,9,3
1296,34043.0,97,9,0,45,49,5,1,0,2,3,10,4
1297,57811.0,49,5,0,57,802,25,1,1,2,3,10,2
1298,78569.0,14,1,0,77,1736,15,0,2,2,2,9,2
1299,7500.0,5,6,0,45,57,10,2,0,1,3,11,2
1301,94384.0,62,2,0,70,2302,18,0,4,2,2,10,2
1302,23148.0,83,7,0,38,37,6,0,0,2,2,9,3
1303,44267.0,48,9,0,53,310,16,2,0,1,3,10,2
1304,71626.0,94,3,0,44,1305,19,0,1,2,2,11,2
1305,60894.0,61,7,0,57,832,26,1,0,2,3,10,2
1306,50200.0,70,8,0,47,401,19,2,0,2,4,10,2
1307,81051.0,43,2,0,58,1501,23,0,2,2,2,9,4
1308,65169.0,23,6,0,41,1189,28,0,5,2,2,9,2
1309,59868.0,37,6,0,51,1194,32,1,0,2,3,10,2
1310,65695.0,50,4,0,63,656,21,1,0,2,3,9,4
1311,64857.0,78,4,0,67,1540,23,0,0,1,1,11,3
1312,45143.0,74,7,0,58,311,15,1,0,2,3,10,3
1313,74805.0,14,2,0,68,820,26,1,0,2,3,10,3
1314,59060.0,77,4,0,34,274,14,1,0,2,3,9,3
1315,27238.0,39,9,0,61,57,9,2,0,1,3,10,4
1316,47009.0,89,4,0,58,448,17,1,0,2,3,10,2
1317,46094.0,62,7,0,50,44,5,2,0,2,4,9,3
1318,40321.0,59,7,0,51,102,8,2,0,2,4,10,2
1319,37235.0,68,4,0,39,61,5,1,0,2,3,9,2
1320,81843.0,13,3,0,63,1643,27,0,0,2,2,10,3
1321,46692.0,37,6,0,65,397,15,1,0,2,3,10,3
1322,77382.0,36,1,0,55,1121,26,1,1,2,3,9,2
1323,37774.0,28,9,1,46,473,16,2,2,1,3,11,2
1324,18393.0,2,8,0,49,50,8,1,0,2,3,9,1
1325,72828.0,17,7,0,61,1678,28,1,0,2,3,10,3
1326,24711.0,86,7,0,41,58,7,0,0,2,2,9,2
1327,45503.0,54,5,0,48,170,9,1,0,2,3,10,4
1328,6560.0,2,17,0,41,373,2,0,0,1,1,10,3
1329,71604.0,3,4,0,78,1196,17,0,2,2,2,10,4
1330,27244.0,84,7,0,44,101,8,1,0,2,3,9,2
1331,48752.0,8,9,0,54,316,17,2,1,2,4,11,2
1332,71434.0,4,4,0,61,1400,21,1,2,2,3,10,2
1333,90842.0,57,1,0,75,1424,27,0,0,1,1,10,2
1334,88097.0,24,9,0,45,844,20,1,4,2,3,11,3
1335,51948.0,51,5,0,48,311,13,1,0,2,3,10,2
1336,71853.0,29,1,0,41,1149,17,0,0,2,2,10,2
1337,35876.0,13,6,0,40,129,8,0,0,2,2,9,3
1338,40049.0,23,6,0,71,32,5,1,0,1,2,10,2
1339,39660.0,36,9,0,41,299,14,1,1,1,2,11,2
1340,50127.0,88,6,0,61,320,13,1,1,2,3,9,2
1341,43263.0,2,5,0,46,441,16,1,0,2,3,11,3
1342,62845.0,3,8,0,74,1178,28,2,2,2,4,11,3
1343,18929.0,15,6,0,33,85,6,0,0,2,2,10,2
1344,24367.0,58,9,0,41,24,4,1,0,1,2,10,1
1345,33249.0,11,6,0,48,112,8,1,0,1,2,10,2
1346,26887.0,27,6,0,64,30,5,1,0,2,3,10,3
1347,50150.0,32,5,0,40,410,16,0,0,2,2,10,4
1348,62061.0,12,6,0,47,800,24,1,1,2,3,10,2
1349,85696.0,88,1,0,61,1313,20,0,1,1,1,10,4
1350,76542.0,91,2,0,67,1483,23,0,0,2,2,10,4
1351,70515.0,12,2,0,30,1258,17,0,1,1,1,10,2
1352,18227.0,21,8,0,36,28,4,1,0,2,3,11,2
1353,69139.0,23,4,0,58,227,11,1,0,2,3,9,2
1354,69109.0,10,4,0,41,1555,20,0,2,2,2,11,2
1355,69627.0,35,5,0,61,861,23,1,0,1,2,10,2
1356,38136.0,69,8,0,45,103,8,1,1,2,3,10,2
1357,62159.0,68,4,0,77,634,19,0,0,1,1,9,4
1358,80695.0,85,2,0,60,1918,19,0,0,1,1,10,2
1359,33316.0,34,6,0,52,131,10,2,0,1,3,10,3
1360,58554.0,55,7,0,55,586,22,2,0,2,4,11,2
1361,17256.0,10,8,0,31,62,7,1,1,2,3,10,1
1362,53034.0,30,8,0,49,447,22,2,0,1,3,10,2
1363,52203.0,36,6,0,73,939,27,0,0,2,2,11,3
1364,59601.0,14,8,0,46,797,15,1,1,1,2,10,3
1365,75154.0,79,3,0,65,1143,16,1,1,1,2,11,3
1366,47025.0,52,6,0,47,415,17,1,0,1,2,10,2
1367,37971.0,97,8,0,50,30,5,1,0,2,3,10,2
1368,41335.0,24,7,0,55,187,12,1,0,1,2,10,3
1369,67267.0,0,2,0,65,251,11,1,0,2,3,9,2
1370,57338.0,96,5,0,48,237,12,1,0,1,2,9,2
1371,50523.0,89,6,0,63,91,8,2,0,2,4,10,3
1372,35791.0,94,8,0,58,35,6,3,0,1,4,10,3
1373,50611.0,98,6,0,63,493,22,1,1,1,2,11,4
1374,56242.0,72,6,0,54,971,28,1,0,2,3,10,4
1375,48904.0,1,8,0,63,371,17,1,0,1,2,11,2
1376,56243.0,26,5,0,48,396,20,3,0,1,4,10,2
1377,21355.0,5,6,0,38,68,7,1,2,2,3,10,2
1378,57420.0,22,7,0,52,322,15,1,1,2,3,10,3
1380,46390.0,56,7,0,68,222,10,1,0,1,2,9,3
1381,54342.0,74,6,0,67,177,12,2,0,2,4,10,3
1384,20895.0,24,9,0,50,45,6,1,0,2,3,11,2
1385,92344.0,9,1,0,75,1899,20,0,2,2,2,9,2
1387,26907.0,10,7,0,47,22,6,2,0,2,4,10,3
1388,44964.0,35,8,0,43,41,5,2,0,2,4,11,2
1389,75507.0,56,3,0,44,1440,21,0,0,2,2,9,2
1390,53761.0,7,5,0,51,325,17,2,0,2,4,10,3
1391,22682.0,51,4,0,50,95,10,1,0,2,3,10,2
1392,38887.0,17,7,0,51,42,5,1,0,2,3,9,4
1393,41658.0,30,4,0,48,72,6,2,0,1,3,11,3
1394,29791.0,21,5,0,51,20,7,1,0,2,3,9,4
1395,63915.0,2,5,0,67,789,23,2,0,2,4,10,3
1396,39996.0,85,6,0,49,15,4,2,0,1,3,9,2
1397,26759.0,65,6,0,51,59,8,1,0,1,2,9,2
1398,63841.0,64,6,0,55,908,22,1,0,1,2,10,3
1399,51039.0,11,7,0,54,417,14,2,0,2,4,11,4
1400,60544.0,92,6,0,62,289,15,2,0,2,4,11,2
1401,65685.0,54,5,0,51,769,21,1,0,2,3,9,2
1402,37716.0,4,7,0,70,188,10,1,0,2,3,9,2
1403,36864.0,53,8,0,66,354,14,1,1,1,2,11,2
1404,44511.0,39,8,0,53,727,26,1,0,2,3,11,3
1405,36947.0,49,9,0,56,146,11,2,0,2,4,11,4
1406,47352.0,70,7,0,72,319,16,1,0,2,3,10,3
1407,67087.0,40,4,0,70,794,22,1,0,2,3,10,3
1408,57045.0,40,3,0,73,454,18,1,0,2,3,11,2
1409,36957.0,43,9,0,70,152,11,2,1,1,3,11,4
1410,69389.0,17,4,0,46,797,22,1,0,2,3,11,4
1411,80134.0,40,6,0,51,1690,16,1,4,2,3,10,2
1412,43142.0,84,7,0,54,20,4,2,0,2,4,9,3
1413,80589.0,25,1,0,79,1428,21,0,2,2,2,9,2
1414,34412.0,62,9,0,33,209,11,1,0,1,2,10,2
1415,57537.0,83,4,0,44,545,19,1,0,1,2,10,2
1416,22634.0,47,8,0,57,96,6,0,0,2,2,10,1
1417,51315.0,45,2,0,75,222,10,0,0,2,2,9,2
1418,36026.0,34,6,0,51,61,7,3,0,2,5,9,2
1419,24639.0,3,6,0,50,44,9,2,0,2,4,9,2
1420,34578.0,1,6,0,51,8,4,3,0,2,5,9,4
1421,65704.0,18,1,0,51,817,23,0,0,1,1,10,3
1422,63810.0,45,8,0,57,1371,23,1,1,1,2,11,2
1423,54132.0,81,7,0,54,42,5,1,0,2,3,9,4
1424,18690.0,77,8,0,64,60,5,0,0,2,2,11,2
1425,28164.0,23,7,0,53,78,9,1,0,2,3,10,2
1426,34596.0,48,8,0,49,23,4,1,0,2,3,10,4
1427,43269.0,61,8,0,51,19,4,1,0,2,3,10,4
1428,38741.0,60,7,0,65,61,7,2,0,1,3,9,3
1429,31907.0,75,7,0,51,449,14,0,0,1,1,10,2
1430,27100.0,64,7,0,40,37,5,1,0,2,3,10,3
1431,31163.0,54,6,0,50,38,5,1,0,1,2,9,3
1432,92533.0,84,2,0,38,1131,23,0,2,2,2,10,2
1433,34853.0,75,6,0,50,34,7,2,0,1,3,10,2
1434,70844.0,16,7,0,56,294,17,2,0,1,3,10,2
1435,31086.0,79,8,0,44,48,6,2,1,2,4,10,3
1436,60544.0,92,6,0,62,289,15,2,0,2,4,11,2
1437,20491.0,16,7,0,37,30,4,0,0,2,2,10,3
1438,42523.0,96,2,0,59,125,7,0,0,2,2,9,2
1439,39922.0,30,8,0,40,156,9,1,0,2,3,10,2
1440,33402.0,60,8,0,71,70,9,2,0,2,4,10,2
1441,36408.0,11,6,0,74,22,4,2,0,2,4,10,3
1442,21645.0,75,9,0,44,65,9,1,1,2,3,11,2
1443,78427.0,36,3,0,75,1930,23,0,2,1,1,11,3
1444,82657.0,71,4,0,77,2283,23,0,2,2,2,10,2
1445,51876.0,88,1,0,65,310,13,0,0,2,2,10,2
1446,78041.0,93,2,0,52,1319,18,0,0,2,2,11,3
1447,52852.0,93,8,0,66,879,26,1,1,2,3,11,2
1448,70038.0,54,2,0,41,1244,17,0,0,2,2,10,4
1449,69401.0,41,2,0,50,690,17,1,0,2,3,9,3
1450,46053.0,46,5,0,51,209,12,1,0,2,3,10,2
1451,77343.0,28,1,0,58,1134,17,0,0,2,2,9,2
1452,73892.0,40,1,0,70,1507,23,0,1,1,1,10,2
1453,40304.0,82,7,0,56,57,6,1,0,1,2,10,4
1454,32727.0,38,8,0,58,529,17,0,0,2,2,11,4
1455,68695.0,3,2,0,54,1091,16,0,0,2,2,9,2
1456,43300.0,87,8,0,52,180,11,1,1,1,2,11,2
1457,26290.0,49,6,0,51,77,10,2,0,2,4,10,2
1458,93790.0,16,2,0,53,2349,25,0,4,1,1,9,2
1459,38410.0,65,6,0,49,534,18,0,1,2,2,11,4
1460,64866.0,9,5,0,73,556,21,1,1,1,2,9,3
1461,57957.0,24,3,1,64,637,25,1,0,2,3,10,2
1462,46015.0,25,7,0,68,46,5,2,2,2,4,9,4
1463,16531.0,43,7,0,45,44,9,1,0,2,3,9,2
1464,28072.0,10,7,0,37,47,5,1,0,2,3,10,3
1465,49476.0,29,2,0,60,795,22,1,0,1,2,10,3
1466,50725.0,45,8,0,70,586,21,1,0,2,3,10,2
1467,83844.0,57,1,0,71,1574,20,0,1,2,2,10,2
1468,41145.0,20,3,0,73,13,4,2,0,2,4,9,4
1469,67419.0,29,5,0,53,1471,25,1,0,2,3,10,2
1470,23162.0,82,6,0,53,65,8,2,0,2,4,10,3
1471,34380.0,68,8,0,46,175,12,1,0,2,3,10,2
1472,34704.0,65,5,0,57,40,5,1,0,1,2,10,2
1473,94871.0,99,7,0,54,1078,18,2,3,2,4,11,4
1474,65148.0,9,4,0,65,1115,21,1,0,2,3,11,2
1475,39898.0,20,7,0,69,134,9,1,0,2,3,10,2
1476,64857.0,78,4,0,67,1540,23,0,0,1,1,11,3
1477,59892.0,26,3,0,53,87,7,1,0,2,3,10,4
1478,41020.0,68,3,0,36,217,10,0,0,1,1,10,3
1479,57072.0,79,5,0,62,1034,27,1,1,2,3,9,4
1480,60474.0,25,7,0,44,1180,31,1,0,1,2,10,2
1481,62807.0,83,5,0,63,819,23,1,0,2,3,11,2
1482,19414.0,32,8,0,42,32,5,1,0,2,3,10,3
1483,19107.0,49,7,0,43,46,6,1,0,2,3,10,2
1484,75484.0,50,4,0,47,1159,18,1,0,2,3,11,3
1485,70379.0,84,4,0,47,860,25,1,0,1,2,10,3
1486,79419.0,96,2,0,53,1631,15,0,0,2,2,9,3
1487,64014.0,56,7,0,77,444,22,3,1,2,5,9,4
1488,76998.0,85,6,0,68,1910,29,1,1,2,3,10,2
1489,49854.0,63,6,0,51,380,18,1,0,2,3,10,3
1490,60585.0,17,5,0,52,736,30,2,1,2,4,10,4
1491,42873.0,11,8,0,73,269,15,2,0,1,3,10,4
1492,87679.0,62,4,0,35,2524,29,0,4,2,2,10,2
1493,57867.0,48,6,0,45,612,25,1,0,2,3,10,2
1494,35765.0,86,6,0,33,75,8,1,0,2,3,10,2
1495,65492.0,73,2,0,64,1045,26,0,0,2,2,9,2
1496,32952.0,36,7,0,46,55,6,1,0,1,2,10,2
1497,53374.0,34,9,0,54,1064,21,1,2,2,3,11,4
1498,71706.0,16,5,0,64,1443,25,1,0,2,3,11,2
1499,68487.0,48,4,0,35,1366,30,0,0,2,2,10,2
1500,53253.0,61,5,0,48,436,19,2,0,2,4,10,3
1501,31163.0,54,6,0,50,38,5,1,0,1,2,9,3
1502,42014.0,56,8,0,46,436,20,1,1,2,3,11,2
1503,54108.0,74,8,0,50,747,32,2,0,2,4,11,3
1504,49667.0,35,8,0,68,1396,22,0,2,1,1,11,4
1505,63206.0,65,2,0,49,928,14,0,1,2,2,9,3
1506,57136.0,48,6,0,51,642,26,2,0,2,4,10,3
1507,46772.0,88,8,0,48,1048,30,1,1,2,3,11,3
1508,78931.0,19,1,0,52,943,24,0,0,2,2,10,4
1509,53977.0,21,5,0,65,907,27,1,0,2,3,10,2
1510,84219.0,27,1,0,35,1198,18,0,0,2,2,9,2
1511,46098.0,86,8,0,48,120,11,2,0,1,3,11,3
1512,73538.0,92,7,0,58,1658,26,1,0,2,3,11,2
1513,79529.0,1,2,0,37,1638,22,0,0,2,2,9,2
1514,20981.0,14,8,0,46,73,7,0,1,2,2,10,3
1515,51766.0,74,5,0,43,275,12,1,0,1,2,9,2
1516,55759.0,84,8,0,61,854,26,1,0,2,3,11,2
1517,33039.0,4,5,0,45,78,7,1,0,2,3,10,2
1518,37787.0,50,8,0,51,106,7,1,0,2,3,10,3
1519,27242.0,2,9,0,53,106,7,1,1,1,2,11,2
1520,87188.0,73,3,0,40,1923,19,0,1,1,1,10,4
1521,69930.0,21,3,0,52,1662,22,0,0,2,2,10,2
1522,37697.0,82,6,0,47,84,7,1,0,1,2,9,2
1523,37401.0,14,7,0,50,48,7,1,0,2,3,9,4
1524,3502.0,56,14,0,50,5,0,1,0,1,2,10,2
1525,58597.0,20,7,0,47,733,32,2,0,2,4,11,2
1526,82032.0,54,1,0,75,1234,17,0,0,1,1,9,4
1527,28087.0,77,7,0,65,112,9,2,0,2,4,11,2
1528,74004.0,5,3,0,36,1658,15,0,3,1,1,9,4
1529,19740.0,65,5,0,63,55,7,1,0,2,3,10,2
1530,57036.0,33,9,0,48,1513,26,1,1,2,3,11,3
1531,53083.0,65,7,0,65,271,17,2,1,2,4,10,3
1532,69283.0,41,5,0,48,904,27,1,0,2,3,9,4
1533,46098.0,86,8,0,48,120,11,2,1,1,3,11,3
1534,23331.0,92,8,0,35,103,8,1,0,2,3,11,3
1535,23331.0,97,9,0,35,269,17,1,0,1,2,11,3
1536,9255.0,91,8,0,34,22,5,1,0,1,2,10,2
1537,67786.0,0,1,0,64,1156,16,0,1,1,1,10,4
1538,71969.0,59,8,0,52,1086,19,1,1,2,3,11,4
1539,59235.0,4,7,0,56,1128,28,1,0,1,2,10,3
1540,31928.0,5,7,0,34,72,9,1,0,2,3,9,2
1541,74881.0,48,5,0,62,964,27,2,0,2,4,10,3
1542,65819.0,99,3,0,45,1383,20,0,0,2,2,11,2
1543,51411.0,81,5,0,70,18,4,3,0,1,4,10,4
1544,51983.0,95,7,0,59,793,24,1,0,1,2,11,2
1545,42386.0,43,8,0,37,100,7,1,0,2,3,10,3
1546,30390.0,5,6,0,36,80,6,0,0,2,2,10,3
1547,30983.0,50,8,0,60,167,8,0,1,1,1,11,2
1548,66033.0,76,7,0,66,677,20,1,0,1,2,10,2
1549,37284.0,46,6,0,48,23,4,2,0,2,4,10,3
1550,57530.0,68,1,0,72,92,7,1,0,1,2,10,3
1551,76800.0,33,1,0,58,641,16,0,0,2,2,9,3
1552,63943.0,50,5,0,67,1106,17,1,0,2,3,11,2
1553,76081.0,85,2,0,61,1033,14,0,1,2,2,9,2
1554,67445.0,63,6,0,49,1174,32,1,0,2,3,11,2
1555,37054.0,89,7,0,56,25,6,2,0,2,4,10,3
1556,47175.0,81,8,0,61,240,17,2,2,2,4,11,3
1557,31859.0,77,7,0,47,20,4,1,0,1,2,10,2
1558,27215.0,50,6,0,62,102,11,3,0,1,4,10,2
1559,70179.0,10,5,0,47,1034,26,1,0,1,2,10,4
1560,39922.0,30,8,0,40,156,9,1,0,2,3,10,2
1561,49681.0,66,7,0,47,458,21,2,0,2,4,10,3
1562,24645.0,16,8,0,35,17,4,1,0,2,3,11,2
1563,79865.0,12,1,0,69,792,21,1,0,1,2,9,2
1564,44322.0,30,8,0,38,92,8,1,0,2,3,9,2
1565,47958.0,8,5,0,71,407,16,1,0,1,2,10,2
1566,63972.0,93,4,0,59,1269,23,1,1,1,2,11,3
1567,75315.0,14,2,0,69,841,23,1,0,2,3,9,2
1568,55517.0,53,9,0,73,633,23,2,1,2,4,11,4
1569,75283.0,26,4,0,66,1019,25,3,0,2,5,10,4
1570,82800.0,23,3,0,77,1315,26,0,3,1,1,11,4
1571,38998.0,92,8,1,69,54,8,2,0,2,4,11,2
1572,90638.0,29,1,0,32,2525,18,0,2,1,1,9,3
1573,27161.0,41,7,0,37,52,5,1,0,2,3,10,3
1574,42014.0,56,8,0,46,436,20,1,1,2,3,11,2
1575,38201.0,19,8,0,63,268,15,1,0,2,3,10,4
1576,45203.0,4,6,0,41,147,8,2,1,2,4,9,2
1577,81574.0,89,1,0,76,1798,18,0,2,2,2,9,4
1578,34935.0,71,7,0,31,137,8,0,0,2,2,10,2
1579,60482.0,81,7,0,47,507,17,1,0,1,2,10,3
1580,34633.0,31,6,0,67,15,4,3,0,2,5,9,2
1581,78093.0,53,1,0,76,1105,17,0,0,2,2,10,3
1582,82460.0,78,1,0,73,974,15,0,0,1,1,10,2
1583,45903.0,80,4,0,57,66,8,1,0,2,3,9,3
1584,81361.0,18,1,0,36,778,27,0,1,1,1,9,2
1585,35860.0,37,5,0,50,49,6,2,2,1,3,9,4
1586,40442.0,52,7,0,71,169,12,2,1,2,4,11,3
1587,61482.0,39,2,0,58,299,12,0,0,2,2,9,2
1588,34968.0,11,7,0,43,221,17,1,0,2,3,10,2
1589,75794.0,33,3,0,36,1682,25,0,1,2,2,10,2
1590,31497.0,22,8,0,61,155,10,1,0,2,3,11,4
1591,74268.0,83,2,0,68,892,13,0,0,2,2,10,2
1592,13724.0,43,9,0,35,58,5,1,1,2,3,11,1
1593,45143.0,74,7,0,58,311,15,1,0,2,3,10,3
1594,52569.0,54,3,0,56,95,7,1,0,1,2,9,4
1595,48432.0,3,8,0,50,424,19,1,1,1,2,11,4
1596,17144.0,96,7,0,63,47,12,2,0,2,4,9,3
1597,36108.0,68,9,0,39,339,15,1,1,1,2,10,2
1598,76445.0,2,6,0,52,1410,21,1,0,2,3,11,2
1599,36663.0,40,2,0,48,35,6,1,0,2,3,9,4
1600,53843.0,64,7,0,58,562,20,1,0,2,3,10,3
1601,90226.0,26,2,0,67,2352,24,0,1,2,2,11,3
1602,70638.0,69,3,0,68,1334,20,0,1,1,1,10,3
1603,44512.0,57,4,0,63,32,6,2,0,2,4,10,2
1604,27116.0,78,7,0,62,41,7,2,0,2,4,9,2
1605,54072.0,71,8,0,60,39,5,2,0,2,4,10,4
1606,71855.0,59,3,0,46,1141,25,1,0,2,3,10,2
1607,51250.0,28,9,0,33,710,24,1,1,1,2,10,3
1608,60432.0,61,6,0,50,401,19,1,0,2,3,9,3
1609,65526.0,22,2,0,59,506,17,1,0,2,3,9,4
1610,68655.0,95,3,0,35,1538,21,0,0,1,1,11,2
1611,12393.0,38,9,0,45,57,6,0,0,2,2,11,3
1612,64509.0,19,4,0,33,1722,19,0,2,1,1,10,2
1613,33955.0,92,8,0,48,270,15,1,0,1,2,10,2
1614,31353.0,24,8,0,46,31,6,2,1,2,4,10,2
1615,55434.0,21,4,0,39,882,24,1,0,2,3,10,2
1616,28359.0,35,7,0,40,16,4,1,0,2,3,10,2
1617,57100.0,9,3,0,36,311,14,1,0,1,2,9,2
1618,69139.0,23,4,0,58,227,11,1,0,2,3,9,2
1619,52973.0,92,8,0,67,1152,31,1,0,2,3,11,3
1620,51717.0,55,7,0,58,122,8,1,1,2,3,10,4
1621,18793.0,14,8,0,52,77,9,1,0,2,3,10,2
1622,66664.0,78,3,0,41,1289,19,0,0,2,2,11,3
1623,50664.0,64,9,0,64,561,24,2,0,1,3,10,2
1624,54414.0,49,4,0,60,211,13,2,0,2,4,10,2
1625,54549.0,8,7,0,71,233,12,1,0,2,3,9,4
1626,47111.0,35,9,0,52,1092,21,1,0,1,2,11,4
1627,41003.0,11,6,0,60,601,17,0,0,1,1,10,4
1628,19444.0,8,7,0,41,54,10,1,1,2,3,9,2
1629,36301.0,53,7,0,47,78,7,1,0,2,3,10,3
1630,73059.0,36,4,0,76,1095,26,1,0,2,3,10,4
1631,42731.0,64,5,0,54,244,13,1,0,2,3,10,4
1632,52854.0,43,5,0,64,116,9,2,0,2,4,9,4
1633,22775.0,40,8,0,45,15,4,1,0,2,3,10,2
1634,46681.0,52,5,0,75,425,16,2,0,2,4,10,4
1635,59821.0,11,8,0,68,734,26,1,0,2,3,10,4
1636,50002.0,21,7,0,69,638,19,1,0,1,2,10,2
1637,69755.0,23,1,0,78,894,22,0,0,2,2,10,2
1638,44078.0,17,5,0,54,41,7,2,0,2,4,9,2
1639,30560.0,6,7,0,47,31,5,1,0,2,3,10,3
1640,35924.0,56,5,0,54,34,5,2,0,2,4,9,3
1641,64140.0,71,5,0,59,1750,18,2,4,1,3,10,4
1642,56386.0,51,9,0,42,612,25,2,0,2,4,11,2
1643,24594.0,94,5,0,44,29,5,1,0,2,3,10,1
1644,75774.0,27,4,0,42,823,21,1,0,2,3,9,3
1645,39228.0,1,4,0,63,20,4,0,0,1,1,10,3
1646,58494.0,56,6,0,49,396,16,1,0,2,3,10,3
1647,58684.0,71,2,0,42,813,21,0,1,1,1,9,2
1648,57136.0,18,6,0,56,1179,20,0,1,1,1,10,2
1649,56551.0,48,4,0,73,138,10,2,0,1,3,9,4
1650,22448.0,86,3,0,41,55,9,1,0,2,3,9,2
1651,82014.0,48,6,0,62,1511,22,0,1,1,1,11,2
1652,34213.0,2,9,0,60,117,9,2,1,1,3,11,2
1654,25358.0,57,6,0,76,32,6,1,0,1,2,10,4
1655,35544.0,77,7,0,45,67,6,1,0,1,2,9,3
1656,36634.0,0,7,0,69,335,15,1,0,2,3,10,3
1657,62670.0,57,3,0,69,825,22,1,0,2,3,9,4
1658,50334.0,24,6,0,51,694,23,1,0,2,3,10,3
1659,72066.0,55,2,0,42,1792,17,0,3,1,1,9,2
1660,50729.0,62,6,0,65,496,24,2,0,1,3,10,4
1661,34916.0,89,9,0,55,231,13,2,0,2,4,10,2
1662,64892.0,77,4,0,47,902,24,1,0,1,2,9,2
1663,43602.0,45,6,0,57,68,9,2,0,1,3,9,2
1664,33996.0,46,4,0,34,71,6,0,0,1,1,10,4
1665,41473.0,80,7,0,38,76,6,1,0,1,2,10,3
1666,63246.0,60,4,0,56,772,22,2,0,2,4,10,4
1667,36732.0,71,2,0,64,47,9,2,0,2,4,10,4
1668,69084.0,43,8,0,53,1586,25,1,0,2,3,10,4
1669,77766.0,97,6,0,56,1529,34,1,2,2,3,10,4
1670,37929.0,49,7,0,38,265,13,0,3,1,1,10,4
1671,86610.0,66,2,0,72,1603,18,0,0,2,2,10,2
1672,80141.0,20,6,0,37,2091,22,0,2,2,2,10,3
1673,72635.0,54,3,0,68,981,21,0,1,2,2,10,3
1674,69016.0,61,5,0,53,1533,34,1,0,2,3,11,2
1675,20193.0,18,4,0,32,82,7,0,0,2,2,11,3
1676,27573.0,45,8,0,48,244,14,1,0,2,3,10,2
1677,15862.0,26,8,0,44,36,5,1,0,1,2,10,1
1678,49544.0,0,7,0,47,404,16,1,0,2,3,10,4
1679,33228.0,28,7,0,43,71,6,1,0,2,3,9,2
1680,70440.0,49,3,0,45,1572,23,0,1,2,2,10,2
1681,38232.0,84,5,0,52,122,11,2,0,2,4,9,2
1682,22554.0,38,5,0,68,41,10,2,0,2,4,11,4
1683,23536.0,53,3,0,40,10,4,1,0,2,3,9,4
1684,49413.0,88,5,0,71,304,13,1,0,2,3,10,2
1685,42231.0,99,5,0,54,37,5,2,0,2,4,9,2
1686,78789.0,12,2,0,43,1754,16,0,1,1,1,11,3
1687,56534.0,35,8,0,55,815,25,1,3,2,3,10,2
1688,58350.0,5,6,0,52,1001,27,1,0,1,2,10,2
1689,81217.0,77,1,0,34,1157,22,0,0,1,1,10,2
1690,49090.0,45,7,0,72,688,21,1,0,1,2,10,2
1691,61787.0,71,5,0,36,1319,19,0,0,1,1,10,3
1692,18169.0,40,8,0,38,21,4,1,0,2,3,10,4
1693,24336.0,82,7,0,42,31,4,1,0,1,2,11,3
1694,18222.0,70,8,0,33,67,6,0,0,2,2,11,2
1695,62335.0,87,2,0,71,708,21,1,0,1,2,10,2
1696,42033.0,95,7,0,52,25,4,2,0,2,4,11,3
1697,86580.0,72,1,0,40,746,11,0,1,2,2,10,4
1698,41437.0,5,7,0,66,32,5,2,0,1,3,11,4
1699,73705.0,86,5,0,72,1695,25,2,0,1,3,9,3
1700,61064.0,80,6,0,47,1080,28,1,0,2,3,11,2
1701,38452.0,62,7,0,68,72,9,2,0,2,4,9,3
1702,18358.0,49,7,0,34,57,10,1,0,1,2,10,2
1703,55012.0,85,5,0,50,660,25,1,0,2,3,9,4
1704,9722.0,7,8,0,50,103,11,1,1,2,3,11,1
1705,38175.0,6,7,0,39,153,11,1,0,2,3,10,4
1706,58656.0,25,6,0,67,1220,32,1,1,2,3,11,3
1707,52117.0,55,7,0,58,279,13,1,0,2,3,11,2
1708,64813.0,81,5,0,45,745,20,1,0,2,3,9,2
1709,54222.0,98,3,0,50,264,12,1,0,2,3,9,4
1710,83512.0,31,1,0,37,2157,22,0,5,2,2,9,2
1711,77520.0,30,4,0,64,1526,23,1,4,2,3,10,3
1712,41154.0,98,5,0,45,69,6,1,0,2,3,10,2
1713,80398.0,92,3,0,57,1597,26,0,1,2,2,11,2
1714,18746.0,41,6,0,31,64,8,1,0,1,2,9,1
1715,35196.0,68,8,0,39,497,18,1,0,2,3,11,2
1716,60230.0,78,5,0,67,1067,17,1,0,1,2,10,2
1717,22108.0,46,7,0,46,31,7,2,0,2,4,9,2
1718,44392.0,71,7,0,49,211,14,2,0,2,4,10,2
1719,55424.0,6,6,0,47,877,25,1,2,2,3,11,4
1720,17688.0,82,8,1,44,11,4,1,0,2,3,10,2
1721,92491.0,71,3,0,40,2034,25,0,4,2,2,10,4
1722,90273.0,32,2,0,32,1991,19,0,4,1,1,10,2
1723,82571.0,28,2,0,61,1686,24,0,1,1,1,9,4
1724,38513.0,20,8,0,41,324,17,1,1,1,2,9,4
1725,16653.0,10,6,0,44,69,9,1,1,1,2,9,3
1726,42586.0,7,8,0,68,252,16,2,1,2,4,11,2
1727,23529.0,67,6,0,58,54,5,1,0,1,2,10,1
1728,74881.0,48,5,0,62,964,27,2,0,2,4,10,3
1729,71107.0,61,4,0,72,1327,28,1,0,2,3,10,2
1730,46910.0,36,6,0,59,68,7,2,0,2,4,9,4
1731,18690.0,77,8,0,64,60,5,0,0,2,2,11,2
1732,37244.0,90,7,0,68,55,5,2,1,1,3,10,2
1733,82427.0,35,1,0,57,1456,21,0,1,2,2,9,2
1734,75342.0,38,4,0,65,563,18,1,0,1,2,10,3
1735,70044.0,46,5,0,69,1504,26,1,0,1,2,10,2
1736,79146.0,33,6,0,56,564,19,2,0,1,3,9,2
1737,77437.0,70,1,0,60,1125,23,0,1,2,2,10,2
1738,54984.0,51,7,0,64,358,17,1,1,2,3,9,2
1739,42403.0,18,8,0,52,42,5,1,0,2,3,10,4
1740,55761.0,97,6,0,59,184,10,1,1,2,3,9,2
1741,37292.0,32,8,0,40,460,19,1,0,2,3,10,2
1742,45576.0,9,8,0,78,145,8,0,1,1,1,9,4
1743,70321.0,6,4,0,76,1376,25,0,1,2,2,10,2
1744,58086.0,80,8,0,54,792,23,1,0,1,2,10,4
1745,81795.0,74,2,0,71,1382,23,0,0,2,2,11,2
1746,28389.0,49,7,0,76,28,4,0,0,2,2,11,1
1747,66835.0,21,2,0,77,1033,24,0,0,2,2,10,3
1748,69901.0,95,5,0,54,882,23,1,0,1,2,10,2
1749,80360.0,56,2,0,74,2231,15,0,3,2,2,10,4
1750,63342.0,48,6,0,62,1101,19,1,2,2,3,11,4
1751,44989.0,26,6,0,49,369,16,1,0,2,3,11,2
1752,31859.0,3,7,0,43,48,5,1,0,1,2,9,3
1753,51569.0,39,8,0,74,467,19,1,2,1,2,10,4
1754,30372.0,33,7,0,52,44,8,2,0,1,3,11,2
1755,16014.0,42,3,0,44,38,10,2,0,1,3,10,1
1756,41120.0,80,6,0,55,81,9,2,0,2,4,10,2
1757,39763.0,9,9,0,52,167,10,1,1,1,2,10,3
1758,38725.0,52,4,0,68,45,7,2,0,2,4,9,4
1759,77981.0,78,5,0,51,664,21,1,0,2,3,10,2
1760,62905.0,68,4,0,59,622,20,1,0,2,3,10,3
1761,13533.0,45,7,0,44,48,7,1,0,1,2,10,3
1762,59481.0,47,2,0,48,461,16,1,0,2,3,10,2
1763,72117.0,34,5,0,46,1073,26,1,0,2,3,10,2
1764,21955.0,81,6,0,37,55,8,1,0,2,3,10,3
1765,67131.0,72,6,0,67,976,26,1,0,2,3,10,2
1766,36802.0,23,5,0,43,20,5,1,0,1,2,9,4
1767,71853.0,29,1,0,41,1149,17,0,0,2,2,10,2
1768,28249.0,80,6,0,62,43,6,0,0,2,2,9,1
1769,47808.0,30,7,0,48,224,10,1,1,2,3,10,3
1770,25509.0,15,9,0,49,101,9,1,1,1,2,11,4
1771,51012.0,86,6,0,77,209,10,0,0,2,2,10,4
1772,70596.0,68,2,0,38,968,21,0,0,1,1,11,2
1773,85431.0,54,0,0,71,1165,17,0,0,2,2,10,4
1774,42664.0,44,6,0,56,24,5,1,0,2,3,9,2
1775,42586.0,7,8,0,68,252,16,2,1,2,4,11,2
1776,29760.0,87,8,0,38,165,12,1,0,1,2,11,2
1777,28973.0,59,8,0,46,269,13,0,0,2,2,11,4
1778,39435.0,16,7,0,50,102,7,1,0,2,3,10,4
1779,65370.0,1,1,0,39,461,19,0,0,2,2,10,3
1780,20194.0,64,6,0,44,47,7,1,0,1,2,11,1
1781,42473.0,72,5,0,47,144,10,2,0,1,3,9,4
1782,64590.0,98,6,0,55,1338,24,0,0,2,2,11,2
1783,71232.0,91,7,0,64,917,25,1,0,2,3,10,2
1784,34600.0,8,8,0,52,318,17,2,1,2,4,10,2
1785,46904.0,20,8,0,56,253,14,2,0,1,3,11,2
1786,49094.0,6,6,0,50,502,20,1,0,2,3,11,2
1787,36075.0,54,6,0,40,119,7,1,0,2,3,10,2
1788,60839.0,72,8,0,44,1250,29,2,0,2,4,11,3
1789,77298.0,46,3,0,44,969,24,1,0,2,3,10,2
1790,34026.0,11,5,0,73,76,9,2,0,2,4,10,2
1791,48918.0,21,4,0,60,62,7,2,0,1,3,9,4
1792,82122.0,89,1,0,61,1382,26,0,1,2,2,10,3
1793,37697.0,82,6,0,47,84,7,1,0,1,2,9,2
1794,34074.0,69,6,0,71,255,14,2,1,2,4,10,2
1795,28520.0,55,6,0,63,43,5,2,0,2,4,10,3
1796,62535.0,13,3,0,68,398,14,1,0,1,2,10,2
1797,36273.0,80,6,0,46,76,8,1,0,1,2,9,3
1798,63404.0,97,4,0,59,902,15,2,1,2,4,9,2
1799,75774.0,27,4,0,42,823,21,1,0,2,3,9,3
1800,78416.0,99,3,0,47,1179,26,1,0,2,3,9,2
1801,75702.0,87,6,0,49,1921,29,1,1,2,3,11,2
1802,59385.0,85,5,0,72,185,10,2,0,2,4,10,3
1803,37070.0,30,7,0,57,433,23,2,1,1,3,10,2
1804,44689.0,82,7,0,72,34,6,2,1,2,4,9,2
1805,53977.0,21,5,0,65,907,27,1,0,2,3,10,2
1806,7144.0,92,0,0,57,416,25,2,0,1,3,10,4
1807,18701.0,95,5,0,59,44,10,2,0,1,3,10,2
1808,90369.0,2,1,0,67,1588,17,0,1,2,2,9,2
1809,63159.0,74,3,0,49,1797,17,0,1,1,1,11,4
1810,37758.0,49,8,0,57,40,6,2,0,2,4,11,2
1811,46757.0,71,9,0,60,1143,21,1,0,1,2,11,4
1812,79734.0,72,1,0,54,914,14,0,1,2,2,9,3
1813,63207.0,68,7,0,31,1502,12,0,1,2,2,10,2
1814,72071.0,4,2,0,69,1338,20,1,0,1,2,10,2
1815,21840.0,80,9,0,40,27,5,1,0,2,3,10,4
1816,58582.0,15,5,0,41,763,22,1,1,2,3,10,3
1817,72282.0,70,7,0,72,1331,22,0,1,1,1,10,2
1818,50387.0,91,5,0,67,525,19,2,0,2,4,10,2
1819,32583.0,10,7,0,62,9,4,2,0,2,4,9,4
1820,62568.0,99,4,0,61,953,16,1,1,2,3,9,2
1821,44635.0,25,7,0,52,68,7,2,0,1,3,10,3
1822,33316.0,34,6,0,52,131,10,2,0,1,3,10,3
1823,63967.0,57,2,0,55,882,23,1,0,2,3,10,2
1824,52513.0,84,7,0,45,1149,25,0,0,2,2,11,3
1825,25293.0,51,8,0,54,37,5,1,0,2,3,10,2
1826,54111.0,97,5,0,58,388,15,1,0,1,2,10,4
1827,78394.0,13,2,0,37,1428,16,0,1,2,2,10,2
1828,80739.0,92,1,0,65,1633,24,0,0,2,2,10,3
1829,22669.0,30,9,0,48,173,10,1,1,2,3,10,3
1830,29236.0,30,9,0,36,99,9,1,0,1,2,10,2
1831,44911.0,11,7,0,64,215,12,1,0,2,3,10,2
1832,54693.0,72,6,0,61,929,31,1,0,2,3,10,4
1833,48186.0,39,7,0,49,219,12,1,0,2,3,9,2
1834,54809.0,0,4,0,46,174,12,2,1,2,4,10,2
1835,41580.0,15,5,0,45,92,9,2,0,2,4,11,2
1836,80336.0,12,1,0,53,1052,25,0,0,2,2,10,4
1837,47743.0,56,6,0,66,275,14,1,1,2,3,10,2
1838,62972.0,39,6,0,68,587,16,1,0,2,3,11,3
1839,57333.0,55,6,0,69,1662,33,1,1,1,2,11,4
1840,32313.0,60,9,0,41,159,11,1,0,2,3,10,4
1841,84953.0,73,2,0,70,1024,18,0,4,1,1,10,3
1842,27071.0,90,6,0,55,35,7,1,0,1,2,9,3
1843,68148.0,86,2,0,66,1042,15,0,0,2,2,10,3
1844,65735.0,37,7,0,58,395,19,2,0,2,4,10,3
1845,86836.0,7,5,0,48,557,23,0,4,2,2,11,4
1846,4023.0,29,19,0,60,9,15,2,0,2,4,9,4
1847,30093.0,19,7,0,33,69,6,0,0,2,2,10,2
1848,57705.0,14,6,0,57,486,18,1,0,2,3,9,4
1849,25008.0,72,8,0,35,34,6,1,0,1,2,9,2
1850,83257.0,56,6,1,28,1365,28,0,3,1,1,11,3
1851,22280.0,85,8,0,48,13,4,1,0,2,3,10,2
1852,72159.0,62,2,0,45,1401,21,0,0,2,2,11,4
1853,64260.0,1,3,0,62,1574,14,0,1,2,2,10,2
1854,82733.0,28,4,0,39,1323,20,0,1,1,1,10,4
1855,74290.0,70,6,0,52,1217,32,1,2,1,2,10,3
1856,58217.0,84,6,0,72,103,7,3,0,1,4,11,3
1857,21024.0,89,7,0,47,84,7,0,0,2,2,10,3
1858,70116.0,73,1,0,51,1536,23,0,0,2,2,10,4
1859,54006.0,42,7,0,38,581,18,1,0,2,3,11,2
1860,69063.0,16,3,0,57,928,14,1,0,2,3,11,4
1861,11448.0,16,6,0,48,14,4,0,0,1,1,10,3
1862,61825.0,56,4,0,44,424,15,1,0,1,2,10,2
1863,70886.0,65,2,0,52,960,14,1,0,2,3,10,2
1864,69109.0,10,4,0,41,1555,20,0,2,2,2,11,2
1865,60208.0,13,7,0,50,656,29,2,2,1,3,11,2
1866,32889.0,78,5,0,55,55,9,2,0,2,4,10,3
1867,34738.0,51,6,0,39,20,5,1,0,1,2,9,2
1868,30538.0,27,10,0,52,367,17,1,0,2,3,11,3
1869,82326.0,30,2,0,46,2257,22,0,4,2,2,9,3
1870,26642.0,71,6,0,56,42,7,1,0,1,2,9,4
1871,69932.0,97,4,0,59,1049,26,1,0,1,2,10,2
1872,44503.0,83,6,0,51,48,7,2,0,1,3,9,2
1873,60200.0,3,6,0,75,685,25,1,0,1,2,10,4
1874,49638.0,71,2,0,71,39,5,1,0,1,2,9,2
1875,23830.0,3,7,0,36,43,5,0,0,1,1,9,3
1876,33051.0,15,9,0,64,835,21,0,1,1,1,11,3
1877,72905.0,52,1,0,65,1515,20,0,1,2,2,9,2
1878,69702.0,8,4,0,72,1039,26,1,0,2,3,10,4
1879,70300.0,89,8,0,48,1596,26,1,0,1,2,10,2
1880,70643.0,66,6,0,39,1828,18,0,1,2,2,11,4
1881,30396.0,22,7,0,54,34,6,1,2,2,3,9,4
1882,50616.0,56,7,0,55,149,10,1,0,1,2,9,4
1883,62772.0,74,2,0,54,946,23,1,1,1,2,10,3
1884,30298.0,48,3,0,38,28,6,0,0,1,1,9,4
1885,52413.0,67,7,0,39,450,17,1,0,1,2,11,2
1886,44155.0,24,4,0,66,46,5,2,0,2,4,9,4
1887,86979.0,67,2,0,52,1702,16,0,2,1,1,10,4
1888,76532.0,38,5,0,48,820,25,2,0,2,4,10,2
1889,42081.0,86,6,0,41,382,15,1,1,2,3,10,2
1890,67546.0,90,3,0,35,2126,20,0,0,2,2,11,4
1891,88420.0,87,1,0,34,2069,20,0,3,2,2,9,3
1892,31158.0,62,8,0,38,72,7,1,0,2,3,10,2
1893,61671.0,23,8,0,55,732,28,1,2,1,2,9,2
1894,69719.0,99,1,0,49,801,11,0,0,1,1,9,2
1895,49160.0,29,6,0,74,236,12,1,0,1,2,10,2
1896,24882.0,52,6,0,45,80,5,1,1,2,3,11,1
1897,90933.0,90,1,0,69,1685,15,0,1,1,1,9,4
1898,113734.0,9,1,0,78,277,27,0,0,1,1,9,4
1899,59292.0,71,3,0,73,507,18,1,0,2,3,10,4
1900,45759.0,13,7,0,59,68,7,2,0,2,4,10,4
1901,22148.0,16,7,0,40,49,5,0,0,1,1,9,2
1902,73395.0,94,2,0,36,397,15,0,0,2,2,9,3
1903,29819.0,77,6,0,52,39,9,1,0,1,2,10,2
1904,45688.0,20,4,0,55,306,14,1,1,2,3,9,2
1905,62820.0,51,1,0,69,976,14,0,0,2,2,10,2
1906,60491.0,81,5,0,52,1028,28,1,0,2,3,10,4
1907,33235.0,71,7,0,37,70,7,1,0,2,3,9,2
1908,35701.0,36,6,0,64,46,5,0,0,2,2,10,2
1909,31535.0,95,7,0,43,51,5,1,1,2,3,10,3
1910,92556.0,32,0,0,63,1263,21,0,0,2,2,9,3
1911,67384.0,32,5,0,53,1490,22,1,1,1,2,11,2
1912,80573.0,85,2,0,52,1564,24,0,0,2,2,11,3
1913,77870.0,93,8,0,56,1815,18,1,3,2,3,11,2
1914,52278.0,24,8,0,60,1198,31,1,0,1,2,10,4
1915,57107.0,44,8,0,55,416,23,1,3,1,2,11,2
1916,18929.0,15,6,0,33,85,6,0,0,2,2,10,2
1917,36038.0,82,6,0,42,47,8,1,0,1,2,10,4
1918,20180.0,27,7,0,47,137,8,0,0,1,1,10,2
1919,34230.0,72,7,0,58,21,4,2,0,2,4,11,4
1920,31878.0,7,3,0,46,70,6,1,0,1,2,9,3
1921,70932.0,57,3,0,51,909,22,1,0,2,3,9,3
1922,91249.0,84,4,0,67,1676,22,0,5,1,1,11,2
1923,77598.0,53,3,0,80,1735,26,0,1,1,1,10,3
1924,80982.0,48,5,1,64,1191,30,2,0,1,3,10,2
1925,22701.0,2,5,0,46,24,5,1,0,2,3,10,3
1926,55212.0,65,8,0,54,1182,20,1,2,2,3,11,4
1927,70617.0,45,2,0,53,1280,14,0,0,2,2,10,2
1928,64849.0,42,5,0,66,1336,19,0,1,1,1,11,2
1929,62694.0,29,7,0,58,749,24,2,0,2,4,10,3
1930,61917.0,83,5,0,49,91,7,2,0,2,4,10,4
1931,67472.0,93,3,0,76,414,15,1,0,2,3,10,4
1932,21059.0,40,6,0,41,44,9,1,0,2,3,9,3
1933,29543.0,47,7,0,55,63,8,2,0,2,4,9,3
1934,75903.0,50,3,0,72,901,23,1,0,2,3,10,2
1935,34984.0,40,7,0,48,38,6,2,0,2,4,11,3
1936,54998.0,3,4,0,67,455,20,1,1,1,2,10,4
1937,54356.0,62,8,0,74,775,24,1,1,1,2,11,4
1938,34242.0,25,5,0,64,15,4,1,0,2,3,9,3
1939,25410.0,48,4,0,50,38,6,1,0,2,3,10,2
1940,73356.0,56,2,0,39,1512,22,0,4,2,2,9,4
1941,28320.0,68,8,0,73,43,5,1,0,2,3,10,2
1942,23763.0,64,7,0,46,42,5,1,0,1,2,11,2
1943,72570.0,67,1,0,39,1089,23,0,0,2,2,9,2
1944,34529.0,94,7,0,47,162,9,1,0,2,3,11,3
1945,70792.0,82,3,0,72,1272,19,0,0,1,1,10,2
1946,63211.0,3,2,0,41,1173,20,0,1,2,2,11,2
1947,83891.0,24,1,0,49,816,22,1,0,2,3,9,3
1948,36065.0,54,8,0,55,74,9,2,0,1,3,10,2
1949,39898.0,20,7,0,69,134,9,1,0,2,3,10,2
1950,51141.0,96,5,0,83,157,9,0,0,1,1,10,4
1951,56939.0,19,3,0,47,561,18,1,0,2,3,10,2
1952,80872.0,60,1,0,72,1336,19,0,0,1,1,9,2
1953,72335.0,2,8,0,47,2092,23,0,1,2,2,11,4
1954,61798.0,13,4,0,59,463,16,0,0,1,1,10,4
1955,76842.0,37,0,0,73,1130,17,0,0,1,1,9,4
1956,29478.0,59,6,0,47,20,5,1,0,2,3,9,2
1957,46998.0,55,7,0,67,377,18,1,1,1,2,11,2
1958,96843.0,60,2,0,33,1544,28,0,2,1,1,10,2
1959,56551.0,48,4,0,73,138,10,2,0,1,3,9,4
1960,70053.0,38,5,0,58,1012,26,1,0,2,3,10,3
1961,71670.0,8,6,0,61,1766,15,0,4,1,1,10,4
1962,44359.0,19,3,0,45,45,9,2,0,2,4,9,2
1963,40887.0,32,9,0,71,161,10,2,1,1,3,10,2
1964,48877.0,27,7,0,57,144,8,1,0,1,2,9,2
1965,74485.0,58,3,0,76,1734,26,0,0,2,2,10,2
1966,64474.0,59,5,0,51,823,22,1,0,2,3,10,2
1967,77226.0,29,3,0,60,1138,28,1,0,2,3,9,2
1968,72643.0,60,2,0,74,1429,21,0,2,1,1,10,2
1969,85738.0,41,1,0,45,1371,21,0,2,2,2,9,3
1970,55686.0,27,4,0,57,982,16,1,1,1,2,10,2
1971,39062.0,28,4,0,40,44,5,1,1,1,2,9,2
1972,34600.0,8,8,0,52,318,17,2,1,2,4,10,2
1973,40794.0,18,7,0,48,434,16,1,0,2,3,10,2
1974,54690.0,76,3,0,52,198,12,2,0,2,4,10,3
1975,4428.0,0,1,0,54,359,25,1,0,2,3,10,2
1976,32632.0,32,5,0,60,576,18,0,0,2,2,11,3
1977,38236.0,2,7,0,55,88,11,2,0,1,3,10,4
1978,36781.0,16,8,0,44,63,6,1,1,2,3,9,2
1979,31385.0,56,8,0,39,27,4,1,2,1,2,11,3
1980,24570.0,97,9,0,39,193,11,1,0,2,3,10,2
1981,25509.0,15,9,0,49,101,9,1,1,1,2,11,4
1982,94642.0,35,1,0,72,2211,21,0,2,2,2,9,2
1983,58646.0,3,4,0,61,140,8,1,0,2,3,10,3
1984,53201.0,49,7,0,48,415,22,2,0,1,3,10,2
1985,21994.0,4,5,0,66,22,4,1,0,2,3,11,2
1986,57113.0,45,7,0,45,263,16,2,0,2,4,10,2
1987,51373.0,37,4,0,32,393,12,0,0,2,2,10,2
1988,23477.0,39,8,0,37,147,10,1,0,2,3,10,2
1989,58116.0,38,2,0,67,443,16,1,0,2,3,9,2
1990,72968.0,8,3,0,60,1958,19,0,2,1,1,10,4
1991,39791.0,89,7,0,52,174,10,1,0,2,3,10,3
1992,91712.0,47,3,0,76,2217,27,0,2,1,1,10,3
1993,94472.0,75,5,0,65,1691,16,1,2,1,2,9,2
1994,13672.0,86,8,0,63,25,6,2,0,2,4,10,2
1995,96547.0,4,2,0,43,809,21,0,4,2,2,9,3
1996,79205.0,73,4,0,48,895,16,0,2,2,2,11,2
1997,56559.0,46,4,0,48,484,18,1,0,2,3,11,4
1998,32644.0,38,8,0,50,413,18,1,1,2,3,10,4
1999,67506.0,73,3,0,43,331,12,1,0,1,2,9,3
2000,24206.0,66,6,0,53,25,5,1,0,1,2,10,2
2001,28420.0,36,6,0,56,13,4,1,0,1,2,10,4
2002,22979.0,29,8,0,53,115,10,1,1,2,3,11,2
2003,33279.0,29,3,0,57,16,4,0,0,1,1,9,2
2004,46423.0,6,7,0,51,92,9,2,0,1,3,10,3
2005,30368.0,97,8,0,46,52,7,1,0,2,3,10,2
2006,63684.0,61,5,0,53,1464,23,1,0,2,3,11,2
2007,41638.0,68,8,0,59,441,17,1,1,1,2,10,2
2008,68805.0,73,2,0,64,283,12,1,0,1,2,10,4
2009,65814.0,90,5,0,57,747,23,1,0,2,3,9,4
2010,71964.0,81,3,0,65,1870,17,0,0,1,1,10,2
2011,39146.0,1,8,0,37,165,11,1,0,1,2,10,2
2012,96876.0,79,2,0,46,1941,24,0,4,2,2,10,2
2013,34445.0,92,9,0,42,839,27,0,0,2,2,10,1
2014,68281.0,31,5,0,65,1655,25,0,1,1,1,11,2
2015,37284.0,46,6,0,48,23,4,2,0,2,4,10,3
2016,36790.0,14,9,0,40,66,6,0,1,2,2,10,2
2017,27943.0,89,8,0,56,37,8,2,0,2,4,10,2
2018,22263.0,31,6,1,72,21,6,2,0,1,3,9,2
2019,30261.0,75,8,0,51,22,4,3,0,2,5,11,2
2020,28587.0,42,6,0,45,78,9,1,0,2,3,9,2
2021,43815.0,53,6,0,41,79,6,1,0,2,3,10,3
2022,48195.0,53,6,0,67,265,17,2,0,2,4,9,2
2023,77027.0,23,4,0,71,1175,19,1,0,2,3,9,3
2024,71322.0,57,4,0,58,1305,28,1,0,2,3,10,4
2025,32765.0,49,5,0,44,46,8,1,0,2,3,9,3
2026,29672.0,6,6,0,58,25,4,2,0,2,4,10,2
2027,23272.0,29,4,0,70,46,5,0,0,1,1,10,2
2028,49912.0,5,8,0,74,874,26,1,2,2,3,11,3
2029,7500.0,98,9,0,38,100,10,1,0,2,3,11,3
2030,68117.0,80,6,0,76,930,25,1,2,1,2,10,4
2031,67225.0,4,5,0,68,868,23,1,0,2,3,10,2
2032,17649.0,70,8,0,47,45,9,1,0,2,3,10,2
2033,55914.0,32,7,0,48,1260,29,1,0,2,3,10,2
2034,40059.0,82,8,0,39,414,12,1,1,2,3,10,2
2035,60905.0,27,2,0,73,392,15,1,0,2,3,10,2
2036,75330.0,94,6,0,46,1109,29,2,0,2,4,11,2
2037,60689.0,23,3,0,72,639,22,1,0,1,2,10,2
2038,38680.0,97,7,0,39,79,6,1,0,2,3,10,2
2039,61416.0,25,6,0,41,1665,24,0,1,2,2,10,2
2040,49767.0,92,4,0,32,692,18,0,0,1,1,10,2
2041,83273.0,98,7,0,53,1392,29,3,0,1,4,11,2
2042,29009.0,19,6,0,42,44,7,1,0,2,3,10,2
2043,45057.0,80,5,0,44,50,6,1,0,2,3,10,3
2044,37150.0,80,7,0,52,467,21,1,0,2,3,11,2
2045,43020.0,79,6,0,53,223,12,1,0,1,2,10,2
2046,53154.0,50,4,0,64,158,9,1,0,2,3,9,2
2047,65308.0,60,4,0,50,1211,28,0,2,2,2,10,2
2048,76467.0,44,6,0,53,1575,14,1,1,1,2,11,2
2049,81044.0,0,1,0,76,1208,22,0,0,2,2,10,3
2050,32871.0,28,4,0,72,43,5,2,0,2,4,10,2
2051,55801.0,35,7,0,48,527,21,2,1,1,3,10,2
2052,76320.0,49,2,0,64,932,15,1,0,1,2,9,2
2053,36927.0,46,8,0,68,71,8,2,0,1,3,9,3
2054,48794.0,97,4,0,70,54,5,2,0,2,4,9,2
2055,23478.0,51,8,0,58,129,7,0,0,1,1,10,2
2056,71128.0,80,7,0,50,1615,27,1,0,1,2,11,2
2057,70179.0,10,5,0,47,1034,26,1,0,1,2,10,4
2058,59462.0,29,7,0,73,1088,25,1,0,2,3,10,2
2060,38361.0,74,7,0,54,137,10,1,0,2,3,10,2
2062,70038.0,54,2,0,41,1244,17,0,0,2,2,10,4
2063,42554.0,93,4,0,45,41,7,2,0,2,4,10,2
2064,67445.0,63,6,0,49,1174,32,1,0,2,3,11,2
2065,67046.0,92,2,0,72,993,15,1,0,1,2,10,2
2066,42192.0,40,4,0,75,100,7,0,0,2,2,10,2
2067,77610.0,70,7,0,71,1680,17,1,0,2,3,11,4
2068,31761.0,96,5,0,39,98,9,1,0,2,3,9,2
2069,34350.0,81,7,0,44,48,5,1,0,2,3,10,2
2070,54591.0,63,5,0,74,519,19,1,0,2,3,10,2
2071,71866.0,85,3,0,67,715,20,1,0,2,3,10,2
2072,25293.0,51,8,0,54,37,5,1,0,2,3,10,2
2073,42000.0,23,5,0,36,653,20,0,1,1,1,10,4
2074,69520.0,95,5,0,40,1455,21,0,0,2,2,10,2
2075,64713.0,11,4,0,53,602,19,1,1,1,2,9,2
2076,27889.0,42,6,0,46,26,5,1,0,2,3,10,3
2077,22123.0,77,5,0,63,102,7,0,0,1,1,9,1
2080,27803.0,40,8,0,50,176,9,1,0,2,3,11,2
2082,51651.0,32,8,0,63,433,17,1,0,2,3,11,2
2083,68487.0,48,4,0,35,1366,30,0,0,2,2,10,2
2085,56796.0,24,7,0,54,1001,27,1,0,2,3,10,2
2086,87000.0,61,2,0,31,961,18,0,0,2,2,11,3
2087,79823.0,6,2,0,64,1518,23,1,1,2,3,9,2
2088,30828.0,16,3,0,43,56,8,1,0,1,2,10,2
2089,34109.0,39,4,0,52,22,4,1,0,2,3,10,3
2090,53367.0,2,7,0,49,400,21,2,1,1,3,10,3
2091,22390.0,49,7,0,54,26,4,0,0,2,2,10,1
2092,71322.0,31,2,0,47,350,13,1,0,2,3,9,2
2093,79244.0,58,1,0,30,1216,22,0,3,1,1,11,2
2094,49912.0,5,8,0,74,874,26,1,2,2,3,11,3
2095,48699.0,90,5,0,73,40,5,2,0,2,4,10,4
2096,80144.0,47,1,0,48,1367,19,0,0,2,2,10,2
2097,54252.0,25,6,0,67,264,15,2,0,1,3,10,2
2098,81929.0,60,6,0,47,2053,20,1,3,2,3,11,3
2099,76068.0,67,6,0,48,1376,10,1,2,2,3,11,2
2100,53204.0,40,4,0,47,45,5,2,0,2,4,9,3
2101,67911.0,63,3,0,74,976,27,1,0,2,3,9,4
2102,14796.0,1,9,0,39,51,6,1,1,2,3,11,3
2103,78128.0,89,3,0,49,1264,20,1,2,2,3,9,4
2104,14188.0,40,6,0,51,75,7,0,0,2,2,10,1
2105,20425.0,5,7,0,37,57,7,1,0,2,3,11,1
2106,58646.0,3,4,0,61,140,8,1,0,2,3,10,3
2107,72967.0,1,5,0,53,497,19,1,2,1,2,11,2
2108,48150.0,24,7,0,74,266,13,1,0,2,3,10,3
2109,82332.0,89,2,0,62,2006,21,0,2,1,1,11,2
2110,58275.0,48,7,0,68,615,23,2,0,1,3,10,2
2111,44953.0,31,6,0,42,1021,24,0,1,2,2,11,4
2112,34587.0,68,4,0,70,22,6,2,0,2,4,9,2
2113,43018.0,46,5,0,49,133,7,1,0,2,3,10,3
2114,45736.0,92,7,0,69,437,19,1,0,2,3,10,3
2115,66476.0,80,4,0,54,1013,26,1,0,2,3,10,3
2116,27733.0,16,7,0,42,57,7,1,0,2,3,10,3
2117,69805.0,50,2,0,71,1038,27,1,0,2,3,9,4
2118,72217.0,93,2,0,61,1573,22,0,0,1,1,10,3
2119,25818.0,51,7,0,52,28,4,1,0,1,2,11,2
2120,37509.0,24,7,0,47,123,9,1,0,2,3,11,3
2121,25176.0,79,7,0,47,13,4,2,0,2,4,10,3
2122,43586.0,26,8,0,43,132,10,1,0,2,3,11,2
2123,53230.0,86,5,0,67,732,23,1,0,2,3,11,3
2124,50116.0,68,5,0,66,66,7,2,1,2,4,9,2
2125,84906.0,98,2,0,51,1631,24,0,3,2,2,10,2
2126,61286.0,34,5,0,57,608,18,1,0,2,3,10,2
2127,82333.0,60,2,0,37,1822,18,0,2,2,2,10,4
2128,65220.0,3,6,0,58,1282,23,0,1,2,2,11,4
2129,33590.0,65,7,0,49,8,4,3,0,2,5,10,2
2130,30992.0,83,7,0,47,43,5,1,0,1,2,10,2
2131,72309.0,64,3,0,47,1931,20,0,2,1,1,10,3
2133,16005.0,69,8,0,43,103,8,1,0,2,3,11,1
2134,65487.0,48,2,0,66,1169,17,0,0,1,1,9,3
2135,58692.0,21,7,0,58,395,15,1,0,2,3,9,2
2136,40590.0,30,6,0,54,258,15,2,1,1,3,10,2
2137,20587.0,39,7,0,53,25,5,1,0,1,2,9,2
2138,62637.0,76,2,0,69,185,10,1,0,1,2,9,3
2139,29435.0,11,9,0,57,180,11,2,1,1,3,11,3
2140,19346.0,26,8,0,49,22,5,1,0,1,2,9,2
2141,35788.0,34,6,0,52,44,7,2,0,2,4,9,2
2142,36997.0,72,5,0,55,94,12,2,0,1,3,10,2
2143,23539.0,13,6,0,66,81,7,0,0,2,2,9,2
2144,65333.0,58,6,0,50,798,28,1,2,1,2,9,2
2145,78499.0,12,4,0,66,1334,19,0,2,1,1,10,2
2146,29732.0,23,9,0,52,38,5,1,0,2,3,9,4
2147,41275.0,33,5,0,63,61,11,3,0,2,5,9,3
2148,63516.0,30,5,0,50,300,16,2,0,2,4,10,4
2149,42769.0,15,4,0,61,88,8,1,0,2,3,10,4
2150,49572.0,25,7,0,65,54,7,2,0,2,4,10,3
2151,69209.0,4,4,0,51,1782,16,0,1,2,2,11,2
2152,17148.0,80,8,0,47,68,11,1,0,2,3,9,2
2153,40590.0,30,6,0,54,258,15,2,1,1,3,10,2
2154,30560.0,6,7,0,47,31,5,1,0,2,3,10,3
2155,32146.0,16,6,0,40,66,8,1,0,2,3,9,3
2156,41713.0,57,6,0,59,174,13,2,0,1,3,9,3
2157,34176.0,9,3,0,48,28,5,1,0,2,3,9,3
2158,58482.0,59,6,0,68,731,22,1,1,2,3,9,4
2159,59686.0,78,4,0,58,274,12,1,0,1,2,9,2
2160,60896.0,90,6,0,59,1701,26,1,1,2,3,11,4
2161,62994.0,74,6,0,43,312,13,1,0,2,3,9,2
2162,47320.0,10,6,0,66,414,20,1,0,2,3,10,2
2163,74859.0,63,3,0,74,1565,23,0,1,1,1,10,3
2164,15253.0,13,7,0,31,29,6,1,0,1,2,10,1
2165,31560.0,98,8,0,49,94,8,1,0,1,2,10,4
2166,72071.0,4,2,0,69,1338,20,1,0,1,2,10,2
2167,91172.0,94,3,0,33,1092,14,0,5,1,1,10,3
2168,90000.0,91,1,0,39,1479,18,0,3,2,2,10,2
2169,41967.0,66,4,0,42,54,5,2,0,1,3,10,2
2170,69263.0,14,6,0,58,568,18,1,1,1,2,9,2
2171,65706.0,77,7,0,53,1199,27,0,4,1,1,10,3
2172,60934.0,41,4,0,48,873,23,1,0,2,3,9,2
2173,71965.0,21,3,0,72,1213,17,1,0,2,3,10,2
2174,65210.0,25,6,0,68,731,22,1,2,2,3,9,2
2175,79174.0,2,2,0,48,2043,19,0,3,2,2,10,4
2176,81380.0,51,2,0,56,1893,17,0,0,1,1,11,3
2177,48432.0,3,8,0,50,424,19,1,0,1,2,11,4
2178,52914.0,32,7,0,52,575,15,1,1,2,3,10,2
2179,38946.0,84,5,0,68,257,12,1,0,2,3,10,2
2180,26067.0,49,8,0,49,56,9,1,0,2,3,10,2
2181,44325.0,69,8,0,51,542,21,1,1,2,3,10,4
2182,42523.0,96,2,0,59,125,7,0,0,2,2,9,2
2183,26487.0,23,5,0,45,69,9,1,0,1,2,10,1
2184,53233.0,18,4,0,66,40,5,1,0,2,3,9,3
2185,67716.0,8,5,0,63,1016,28,1,1,2,3,10,2
2186,76234.0,21,3,0,51,907,23,1,1,2,3,9,3
2187,84117.0,60,2,0,67,1566,24,0,1,2,2,9,4
2188,65487.0,48,2,0,66,1169,17,0,0,2,2,9,3
2189,25224.0,36,3,0,51,46,7,1,0,2,3,9,1
2190,89616.0,36,2,0,40,1644,25,0,1,1,1,10,3
2191,40851.0,63,7,0,52,59,5,2,0,1,3,10,2
2192,27469.0,2,6,0,76,17,4,0,0,2,2,11,2
2193,82347.0,38,3,0,66,1853,25,0,3,2,2,11,3
2194,73803.0,61,6,0,66,1528,22,1,2,2,3,11,2
2195,8820.0,52,8,0,71,35,10,2,0,1,3,10,3
2196,43322.0,25,7,0,49,141,8,0,0,1,1,9,2
2197,55593.0,63,6,0,50,546,17,1,1,2,3,10,2
2198,50501.0,10,6,0,69,500,20,2,2,2,4,10,2
2199,37085.0,65,8,0,48,61,10,2,0,2,4,9,2
2200,16185.0,71,8,0,33,106,8,1,0,1,2,10,1
2201,57731.0,0,6,0,54,704,26,1,0,1,2,11,2
2202,48432.0,3,8,0,50,424,19,1,1,1,2,11,4
2203,73807.0,88,2,0,45,849,23,1,0,2,3,10,2
2204,18929.0,15,6,0,33,85,6,0,0,2,2,10,2
2205,35893.0,80,8,0,55,199,15,2,0,1,3,11,2
2206,61014.0,17,7,0,43,1147,20,1,0,2,3,11,2
2207,32144.0,76,7,0,69,54,10,2,1,2,4,9,2
2208,14918.0,52,6,0,60,43,5,1,0,2,3,11,1
2209,45146.0,28,4,0,60,53,6,2,0,1,3,10,2
2210,41769.0,31,8,0,68,521,22,1,0,1,2,10,3
2211,88325.0,42,2,0,42,1623,18,0,0,2,2,9,2
2212,38054.0,24,7,0,73,45,7,2,0,1,3,9,3
2213,80617.0,42,2,0,28,1435,19,0,0,1,1,11,3
2214,5305.0,12,13,0,47,32,1,1,0,2,3,10,2
2215,36807.0,88,6,0,69,16,4,2,0,2,4,11,2
2216,28427.0,67,8,0,40,52,7,1,0,2,3,10,2
2217,82032.0,54,1,0,75,1234,17,0,0,1,1,9,4
2218,22775.0,40,8,0,45,15,4,1,0,2,3,10,2
2219,40101.0,73,7,0,38,415,17,1,0,2,3,11,3
2220,58025.0,81,4,0,44,470,18,1,0,2,3,10,2
2221,75777.0,12,1,0,41,1438,21,0,3,1,1,10,3
2222,7500.0,7,7,0,44,53,11,1,0,2,3,10,3
2223,33562.0,33,4,0,60,51,9,3,0,2,5,9,3
2224,57642.0,24,4,0,53,679,22,1,1,1,2,9,4
2225,58554.0,55,7,0,55,586,22,2,0,2,4,11,2
2226,63777.0,87,8,0,44,653,26,2,0,2,4,10,2
2227,57967.0,39,5,0,61,468,19,1,0,1,2,10,2
2229,24434.0,9,7,0,51,50,7,2,0,2,4,9,2
2230,11012.0,82,9,0,39,84,9,1,1,1,2,10,2
2231,44802.0,71,8,0,53,1049,27,0,0,1,1,11,3
2232,26816.0,50,4,0,37,22,4,0,0,1,1,11,2
2234,34421.0,81,7,0,49,30,4,1,0,2,3,10,2
2235,61223.0,46,5,0,56,1341,18,1,0,2,3,10,2
2236,64014.0,56,7,0,77,444,22,3,1,2,5,9,4
2237,56981.0,91,6,0,42,1241,19,0,1,1,1,9,2
2238,69245.0,8,3,0,67,843,23,1,0,2,3,9,3
2239,52869.0,40,7,0,69,172,11,2,1,2,4,11,4
